0,1,2,3,4,5,6,7,8,9,10,11,12,13,14,15,16,17,18,19,20,21,22,23,24,25,26,27,28,29
-6.220164,16.284492,14.575977,-0.28973913,-2.3859892,-2.1306274,0.55962276,-0.5281056,1.2876568,-0.52733356,-1.6452843,-0.6719664,-1.6720061,-1.1544714,0.067247264,0.609014,0.4665369,-2.6990318,0.45568654,-0.24340759,-0.85555416,0.46780849,0.395794,0.521895,1.1015197,-0.9376633,-0.47728166,0.14907269,0.61353606,0.16666141
-6.623928,23.482891,22.706694,3.592296,-5.185954,-3.308633,2.3229322,-0.7037512,5.078025,-2.6304505,-3.3760989,-2.5663004,-1.6920584,-2.4760108,1.6225084,2.0731673,0.14154054,-3.6708014,0.7746585,0.26647797,-1.3227457,-1.1689026,1.0593772,1.3488634,1.6429071,-1.3027048,-0.046913095,0.81568146,1.118618,1.4079988
-6.8231153,14.322433,13.719757,0.097913735,-3.0934145,-1.0000733,0.74699074,-0.6806192,1.6496437,-0.3774513,-1.3428452,-1.1775227,0.5393651,0.3394445,0.16993262,-0.8104537,-0.3216668,-1.334144,0.2082212,-0.21601415,-0.041023355,0.008996004,0.26023096,0.49183843,-0.055914965,-0.810651,-0.43962547,-0.26491806,0.9229753,-0.96041834
-6.2863336,17.808142,18.222212,0.99005854,-3.3594713,-0.5790002,0.8132715,-0.7201221,2.5607738,-1.7229381,-1.8628227,-1.2146928,-0.6762674,-1.2276442,0.82282066,0.81902885,-0.33476937,-3.7104497,-0.26469114,-1.1670619,-1.4736286,-0.11622303,0.95168614,1.0721258,1.569135,-1.4968872,0.38122255,0.5561235,0.8287568,-0.8525353
-6.6690617,13.712268,12.736505,0.5194374,-1.3025666,-1.047465,0.16658561,-1.1639485,0.2672029,-0.4511206,-2.431984,-0.6585052,1.1761669,-0.30315506,0.40352887,-0.19205618,-0.23277006,-0.33806297,0.39966184,-1.2902395,-0.46790504,-0.5806743,0.50409234,0.5236655,-0.09326896,-2.3842819,0.91652536,-0.16101599,0.57775265,0.3489631
-5.2455,16.685379,16.946836,1.4940404,-2.9810708,-1.0150043,1.778952,-1.0496083,3.4160016,-1.7450427,-1.9095908,-1.7208751,-1.2823932,-1.0738701,0.7245293,0.96622765,-0.011529979,-2.4454837,-0.3335028,-0.21664336,-0.5183355,0.0699982,0.015000888,0.6736058,1.3797839,-0.40880054,-0.59174544,-0.46578953,0.56919914,0.014407718
-4.004716,16.883312,15.618412,1.663667,-4.032669,-1.3776425,2.4965684,0.19596593,2.7678201,-1.0805981,-0.8933942,-1.9241612,-0.30457273,-1.9318118,0.22664902,0.05716691,-1.0563058,-3.1122139,0.5057346,-0.9755631,-0.3525099,0.17341964,0.3820296,1.6548619,1.19498,-0.29462913,0.46153852,-0.47910082,1.2372499,-0.34941316
-5.6164045,13.905236,16.048538,2.3888645,-2.8746867,-0.67903167,1.6657426,0.5605296,2.0532987,-1.7963597,-1.176862,-1.00985,-0.35514623,-0.5865071,0.20978656,0.65322673,-0.1903221,-1.0184829,1.2471482,0.35879207,-0.62974566,0.14861271,-0.72752446,1.3600314,1.8942204,0.7566927,0.6311523,0.8129952,-0.06162254,-0.39374018
-5.3132896,17.659441,16.732224,2.680421,-4.3674946,-1.2431027,0.40050474,-1.9114696,3.5727437,-1.2228873,-2.0364482,-2.08681,0.020764291,-1.9780284,0.73613894,0.4416135,0.4444173,-2.7874613,0.6131412,0.015932165,-0.8886496,0.101909555,0.49372253,0.46288866,2.1843765,-1.1918377,-0.3846531,-0.09841457,-0.696653,1.9316072
-6.5710835,11.534879,12.646127,0.81950814,-2.2573683,-0.23893972,-0.19238143,0.17204256,1.3901341,0.2733746,-0.54441667,-0.89625454,0.06268718,-0.6005337,0.76463294,-0.8086481,0.39935985,-0.6825071,0.050059866,-0.5451194,-0.44241825,0.5024608,0.41572967,-0.5105294,-0.4615406,-0.19310337,0.60386705,0.060098633,-0.22872697,-0.4176535
-7.5013266,19.34118,20.83093,1.6842963,-2.9275904,-1.763735,0.8953535,-1.1290635,3.85406,-1.8713149,-2.8777297,-1.5255401,-0.3540735,-2.8954573,1.2491175,1.2731403,-1.0145175,-4.537071,1.0729684,-1.2882012,-2.0824764,-0.09714008,1.1721561,1.3205495,2.2646458,-1.5314201,0.8852178,0.5974695,2.386548,-1.6752613
-5.9573345,17.042456,15.489566,-0.55248314,-3.2629802,-2.7997925,1.56229,-1.8607333,2.5064867,0.6420928,-1.6292571,0.37317017,0.82638973,-1.882902,-0.72196376,0.037337102,1.1096545,-0.7359751,-0.68959,-0.3357574,-1.6514785,-0.46339896,-0.16542771,0.7309474,1.1941777,-0.8513704,0.39447206,-1.3740704,0.97657454,-0.32668516
-5.300953,13.789902,16.456413,0.7329623,-3.5895607,-0.34463254,0.3337387,0.16286214,1.3985492,-0.8369704,-2.4767962,-0.46263048,-0.5859689,-0.06004313,0.4389464,0.3931011,0.6934018,0.034123663,0.65385294,0.93108696,-0.77611697,0.024541214,-0.056675404,-0.1625099,-0.4631406,0.084783226,-1.4636011,0.94800705,-0.75381154,1.7905487
-3.4615188,15.367025,12.263306,1.4713708,-2.756753,-1.3698438,1.0903419,-0.9068276,2.531396,-1.7183383,-2.1767557,-1.3382857,0.36828828,-1.6454074,0.33751467,0.6969366,-0.44531077,0.56627554,0.29995114,0.05096607,-1.0764906,0.25542194,0.14282711,1.1383609,0.41866967,0.9848413,-0.77087617,0.35216162,-0.8756747,-1.0455133
-6.186444,15.844517,17.42094,1.8256588,-4.0426903,-0.72351396,1.0373567,-1.099721,3.0340047,-2.320352,-2.257396,-0.72900987,-0.49632615,-0.8776331,1.7002472,0.020499522,-0.16653338,-2.1483815,-0.025776966,0.25224042,-0.49106917,-0.3601966,-0.41752353,-0.40222567,1.460061,0.41625664,1.1962867,0.6256772,-1.2957547,1.3010339
-5.6514816,15.1553545,13.029865,1.7547494,-2.7325099,-2.1878133,1.0226476,0.21834262,1.9493908,-0.5538036,-1.1734383,-0.6440165,-0.88366866,-1.1498882,-0.122020856,-0.6844267,-0.31081045,-1.4705081,1.1186099,0.75517505,-1.314733,1.0589273,-0.63466686,1.4158844,1.8377166,0.13958849,0.22359443,-2.0817134,1.8822294,-1.0357296
-4.0692525,16.923595,16.672295,0.7927555,-3.4670575,-0.49476552,2.2633758,-0.9797689,2.392249,-1.1726643,-1.9572831,-0.41419238,0.2562864,-2.1238723,0.36058706,0.61548096,-0.725439,-1.3497435,-0.073205784,-0.507022,-0.49241805,0.9644454,0.09372995,-0.029567005,1.4481759,-0.47070384,-0.7122963,0.81718475,1.2884531,-0.5042346
-6.281974,17.110918,14.860479,1.6526712,-3.0316257,-1.0874052,0.50135726,-0.07504289,2.089473,-0.8917147,-1.1970592,-0.37854007,0.39665455,-1.4540322,-1.545134,-0.99430645,-0.65263146,0.8043429,-0.67812204,0.7078706,-0.5229135,0.18250994,0.89278024,0.029322138,1.0498703,-0.4272773,-0.78491867,-0.21062812,0.5678762,0.106533
-4.984706,15.00493,14.549541,1.0288941,-0.6548328,-1.0050821,2.5874362,-0.8483254,2.4426882,-0.7383513,-0.88193446,-0.4679053,0.4008494,-2.0472565,0.8379312,-0.14092019,-0.42298344,0.21567975,-0.8037883,-0.68862724,-0.35045937,-1.0799433,0.7422857,0.62824565,0.34333092,-0.6860395,-0.39554313,-0.3001298,0.26050824,-0.5196328
-6.4071074,20.985706,21.359745,1.0177755,-3.89477,-2.3197756,1.6695895,-0.74834627,3.051699,-1.650831,-3.3001199,-0.8430449,-0.68037874,-1.073171,1.525895,1.0715212,-0.49218416,-3.2262108,0.6883831,-0.07928819,-0.66155154,-0.4731254,1.304203,0.96541375,3.1904109,-1.224991,-0.5429078,0.48456922,1.466328,-0.22868256
-6.630366,18.479982,20.045713,2.8498342,-2.7397363,-0.7652058,0.8274798,-1.3538381,2.6928082,-1.8355939,-2.077138,-2.4986951,-1.5133992,-1.3385255,0.8206937,0.33740222,-0.18581675,-2.864517,1.8580204,-1.3134962,-1.460033,0.20802236,0.79951286,0.73668367,2.210161,-1.4210303,1.0779676,0.9414875,1.4363009,-1.370446
-6.146385,14.737499,14.482241,2.059777,-3.3534489,-1.7810531,1.394616,-0.49280098,2.3373544,-0.7089667,-0.35683036,-2.6797054,-1.2856724,0.02564796,0.107617706,0.22914435,0.23286079,0.026492955,0.9674424,1.3045468,0.8341688,-0.5532178,-0.26901978,0.56459886,-0.8757154,-1.1908877,-0.27809027,0.6643133,0.5020158,0.25124016
-7.1543007,-8.709755,9.682923,10.423306,27.00618,0.46652663,1.8109148,0.25360495,0.80172193,0.725605,0.7521173,-1.4034041,0.21346657,1.4824965,0.20997092,0.5700073,2.0432277,-1.4336523,-1.2866806,-0.99121743,0.71589774,-0.85261285,0.55430275,0.28942242,-0.43563294,-1.0464256,1.0745356,0.7292131,-0.38716623,-0.16663082
-8.586707,-8.334605,9.567133,11.265489,27.884436,0.8864674,0.7208186,0.6380594,1.6076256,-0.7378103,0.28178838,-0.6257267,0.40959257,2.0193477,0.055863533,-0.8510665,0.44096425,-1.5518813,0.46335006,1.0549563,0.20704158,-0.6518864,-0.4384152,0.26846555,0.5973835,1.719172,0.15223767,1.0247751,-0.6009922,-0.04843049
-7.3966413,-8.558543,7.366968,7.737612,21.531752,0.47796372,0.9630211,-0.17835857,1.1740261,0.752661,0.265027,0.52590317,0.3039639,-0.0123654,-0.21676415,-1.5795875,0.24355926,-0.32019138,-1.3841171,-1.2874302,0.34729475,-0.8176065,0.5084421,-0.3492923,-0.8687335,-0.5723591,-0.47143257,0.13039033,0.47065297,-0.024185495
-5.963307,-5.801858,2.623453,3.8059874,11.302627,0.30518472,-0.7701299,-0.213278,-0.32116017,0.644811,1.0852315,0.16993631,-0.2770331,0.43187883,-0.27059302,-1.2622837,0.43071118,0.2759711,-0.23506886,0.088145465,0.35490543,1.0119292,-0.31643623,-0.13873285,0.23702675,-0.6501092,1.8513612,-0.54723144,0.43344575,-1.0257615
-7.1280246,-8.442977,5.7440386,8.652936,22.181856,0.5102863,-0.16688667,-0.13752052,0.6690638,0.7729512,-0.012311793,2.2931697,0.070740566,0.39902145,0.09546218,-0.15238664,-0.24139093,0.62778467,-1.0551894,1.3541778,-0.4562213,-0.1312867,0.05240386,-1.1634742,0.7860965,-2.6698794,1.0567813,0.11691894,-0.71860224,-0.36954302
-6.8921294,-7.6202307,5.1698637,6.42167,17.817698,0.56824136,0.55141413,0.34366557,0.97253305,1.0892464,0.21918517,-0.120492324,0.7695408,0.5909881,0.39992565,-1.216921,1.0486697,-0.59920543,-0.3501882,0.80331117,-0.847903,-0.9287978,1.9365271,0.15422744,-0.095307544,0.16420427,-0.44941857,1.2017521,0.37834352,0.8526769
-7.733101,-9.015108,6.6600304,6.9754133,21.347317,0.8026065,1.652223,-0.60687786,1.0904355,-0.52772087,0.24460252,-0.079562284,0.38594547,-0.20289204,-0.97867155,-2.3400364,1.4175671,-0.18256247,-0.47510237,0.3281246,1.3530731,0.68367094,0.45580035,-0.7300251,1.4403815,0.21821378,-0.2624696,-1.0090314,-1.196034,0.88293815
-7.432858,-9.544798,8.163408,8.132168,24.617897,0.42916128,1.2309558,0.5772445,1.9946158,0.96654093,-0.54532623,-0.5015442,-0.4242208,0.14080052,-0.31287265,-1.2515764,-0.2386759,-0.17207338,-2.2121303,1.2913707,0.5570011,-0.93006414,0.9909071,0.22201023,-0.25311643,-1.9590663,-0.6275487,-0.61705613,0.3006459,0.4398546
-7.550811,-5.3262434,6.7995825,7.3539815,18.379206,-0.7339589,0.621332,0.9318948,1.136144,0.9428649,0.6953177,-0.6490545,-0.20841481,0.65896,-1.0177222,-1.7416253,-0.24636778,0.11915928,-0.13980503,0.7606054,1.6350615,0.26786107,-0.34546956,0.1324187,-1.0644573,-1.6771584,-0.48643497,-0.046780933,-0.059490524,-0.97535574
-6.489269,-8.783639,7.1388254,7.310109,21.198944,1.5626752,1.291576,0.9927048,0.11360389,1.2494228,0.8911113,-0.39826682,-0.04538504,0.58929163,0.10864436,-1.3779217,-0.8787177,-1.2399226,-0.79751426,0.33411092,0.21027116,0.23391083,1.5795643,0.09715804,-0.30382934,0.7805788,-0.9167168,0.45726687,0.5316659,0.21249954
-8.922485,-7.4295583,7.963336,9.633478,24.76789,0.4469759,0.77794796,1.1611931,1.2893747,1.3163874,0.26361907,-0.9379261,0.068486005,1.593336,0.088225,-1.3953137,0.26582503,-0.19306251,-0.6206558,1.2568531,0.5389073,-0.21403953,0.17753422,0.42003953,1.0300491,-1.0536137,-0.65829796,0.5413523,0.075082965,-0.74628973
-7.0588813,-8.922572,8.08308,10.926634,28.49783,1.2295114,2.2626362,1.439077,2.289005,-1.6079975,0.025708726,-2.2920506,0.36486113,1.411111,1.2063766,-0.035910662,-1.1234812,0.15806444,-0.70343864,-1.1867255,-0.5318036,0.66684955,1.1791227,-1.1426723,0.028780183,0.8194852,0.27921522,-0.19591787,-0.4341635,0.51055735
-5.381498,-7.051292,3.9622207,5.2976832,16.729162,0.24700576,1.1429873,0.20483515,1.3955753,0.55324316,-0.11928583,-0.07119765,-0.63076293,0.42990154,0.32969782,-0.8189167,0.3575245,0.0850197,0.2725713,-0.10430561,-0.523703,-0.17107145,0.3313376,-0.24243267,0.14503367,-0.22845316,0.21420132,-0.34076118,0.17110288,-1.1397167
-6.0117316,-8.234226,6.8893623,7.9174104,23.192457,1.0313977,2.0349815,-0.48608577,1.5764557,0.91784203,1.2029535,0.1921037,0.28547227,0.3771793,0.69110525,-1.3080347,-0.6193183,-0.294339,-0.46904987,-0.5961239,1.2801081,-0.5013709,0.73194116,-1.1880959,1.4815971,0.28932706,-0.36965334,-0.24664335,0.18900394,-0.33606872
-5.9273653,-7.1463385,3.944906,4.8187866,12.121892,-0.19484718,0.5469428,-0.81461793,-0.10792719,-0.41073835,-0.06435681,-0.59516823,0.40788975,-0.04906231,-0.44055665,-1.2573304,0.072051436,1.0428216,0.35849258,-0.9752079,0.42712247,0.44263566,0.53696734,-0.09334598,1.0228108,-0.41671804,-0.26597452,0.85767126,-0.9443206,0.14822844
-4.6997514,-6.2808657,3.6109664,5.754269,12.411546,1.114969,1.0576867,-0.40700516,0.65218544,0.7343215,0.49829078,0.76725197,0.70506907,-0.08136082,-0.040035587,-1.9034795,-0.14990544,0.0072178375,1.1011956,0.5274835,0.44887692,2.100049,0.5518264,0.2287061,0.338471,-0.51799613,0.10164013,0.06523197,-0.7445209,-0.21885401
-7.0665417,-7.9605727,6.4888654,7.567183,20.540342,1.1188576,0.695525,0.85985374,0.23261674,0.9419849,0.05289842,0.43400338,-0.04385106,0.2517495,-0.19109884,-0.5200813,0.21329315,-1.8861291,-0.7597861,-0.65922683,-0.3734655,-0.41732606,1.1569697,0.35719222,-0.33625376,0.97028416,-1.6230724,0.93799376,-1.2212844,-0.29941112
-5.9386363,-4.572131,0.2606091,-1.4853429,-2.183511,0.30414084,-1.9703499,1.4127831,-3.0022995,-0.86040634,1.0681878,-0.79440224,-2.931695,1.1832387,2.4782581,4.5478067,0.027286943,-2.3902802,0.22581606,-1.9889966,0.7289167,0.24716634,0.47882327,-1.1603951,-1.9658097,0.46412864,0.15849492,-0.29452267,0.25340232,0.18536045
-5.2848687,-5.561184,0.5909682,-1.4421208,-3.250566,1.3664861,-2.9563053,2.9498265,-4.9106865,-1.2261606,2.414907,-1.7686768,-3.988231,2.1955717,3.8159354,5.884358,-0.5911237,-4.3463917,0.26081854,-2.846995,0.89608246,-0.47352082,0.1550202,-0.33525813,-2.6477025,1.2066579,0.28864983,-0.5104198,-0.8050733,-0.58850724
-6.0692925,-5.9240584,1.1660233,-1.4278082,-2.498537,1.1923071,-3.2897913,3.191114,-4.1575546,-2.0382338,1.3162744,-1.3366904,-3.4979117,2.7158568,3.606163,5.535312,-0.23302954,-4.0201902,0.5998722,-2.437273,1.136783,-0.021333532,0.84290576,-0.83162206,-1.7884129,0.66896564,-0.7992199,-0.6316006,-0.70668685,-0.14744502
-5.844821,-4.899805,0.7152253,-1.6275079,-2.675167,0.6769364,-2.3961542,2.5511055,-3.0599995,-1.0675939,0.43319792,-0.95764494,-2.956762,2.8682783,2.534525,4.841372,-0.086538926,-3.6710405,0.6320955,-2.6411047,0.9351787,0.32557353,0.005685788,0.105891205,-1.9921731,0.5049544,-0.8812484,-0.98803914,-0.68623376,0.31829253
-5.472556,-5.6819825,0.62659,-1.7182045,-2.8423078,0.7606496,-2.8104875,3.2560472,-3.6628513,-1.347378,1.3295903,-1.2488334,-3.3023255,2.5937715,2.8923414,4.926636,0.5269186,-4.4003882,0.90063834,-3.0927045,0.57898223,0.39985737,0.51584077,-0.80954623,-1.8091855,0.27043727,-0.8754213,-0.28433153,-0.8493896,0.30077443
-5.7514772,-4.3850813,0.7450862,-1.1533812,-2.7284737,0.69449323,-2.4835498,2.0803907,-3.4906647,-0.7027891,1.2118827,-0.7655313,-2.7618701,1.6733766,2.2380266,4.631443,0.14064896,-3.295774,0.36955598,-1.2773013,0.5165456,0.28073886,0.2245062,-0.2240338,-2.2111852,0.12421926,-0.9530679,-0.16137348,-0.46249557,0.44590795
-5.3890667,-5.218657,0.8369681,-0.71629804,-2.8324273,0.77222997,-2.557814,2.5686085,-3.9604597,-0.47663796,1.2049313,-1.8212538,-3.3564858,2.5476644,3.0969598,6.0908413,-0.07064207,-4.8419657,1.0695959,-2.6237793,1.3159169,0.51885915,-0.06328232,0.29201853,-2.9378736,0.44295847,-0.42269173,-0.8174229,-0.5902744,-0.75815994
-5.702584,-5.112067,0.60220116,-1.6660945,-2.5952044,0.87685996,-2.6084607,2.0586052,-4.067606,-0.7179369,0.79883945,-0.92333186,-2.8982096,2.3356907,1.9681001,3.8741093,0.3086701,-3.1807263,1.0452162,-1.9436877,0.56695515,0.21984586,-0.06448036,-0.33778223,-1.5299467,0.14809456,-0.27425882,-0.2758353,-0.22088283,-0.23703556
-5.0961986,-4.4404154,0.9381008,-0.7367967,-3.1985035,0.610973,-2.5531662,2.5222576,-3.9245937,-0.80844015,1.1321337,-0.8958271,-3.444869,3.0261612,2.7337532,5.2135797,-0.011832464,-3.99135,0.78711194,-2.1934156,0.54485095,0.60875475,0.30911788,-0.47173074,-2.011489,0.8439462,-0.13635689,-0.25191692,-0.7711897,-0.78341305
-6.1413484,-5.572777,0.85257816,-0.9230267,-3.131132,1.1146971,-3.3557706,3.0447447,-4.4695024,-0.8388116,0.7951916,-1.3301039,-3.8567898,2.9543042,3.7043877,5.885482,-0.059460714,-4.975464,0.806266,-3.0645356,1.3956218,-0.3337397,0.49129346,-0.87750566,-2.4408906,1.0557262,-0.56228864,0.22859828,-0.8954333,-0.23926425
-5.872665,-5.2136083,1.0374801,-1.4531552,-2.79808,0.59641725,-2.5643094,3.0216496,-3.7434123,-1.2566756,1.0668242,-1.5877482,-3.9763834,2.5273373,2.5089788,5.5908036,-0.35059777,-3.7788641,0.75028276,-3.420334,0.8948335,0.3993577,0.45467502,-0.67983365,-1.7574295,1.2833179,-0.6638176,-0.014721383,-0.29998797,-0.16003782
-2.6762104,8.473008,-10.795647,-3.2525468,3.5679214,-0.15434067,2.3450975,-0.10957504,2.304682,-2.1353123,-0.89202386,-0.6160557,0.34875065,-0.8576034,1.2057621,0.24895673,0.35337982,-1.9901665,0.10568329,-0.8177431,-0.19122177,-0.68791825,-0.1604069,0.12402249,2.013428,0.5237763,0.7587523,0.37215427,-0.09262156,0.18332656
-0.41213664,10.094126,-12.877915,-4.5713534,5.10185,0.93451273,2.4308298,-1.7004147,1.4169378,-4.5872436,-0.5484491,-2.0409443,-1.0804377,-0.21749869,1.7418753,1.8600372,0.5828525,-2.2207105,1.1486284,-1.8893373,-0.257757,-0.18317573,1.245947,1.9172962,0.19717601,-1.179432,1.1411767,0.35880482,-0.57364017,-0.84778774
-3.4170868,8.643715,-11.650588,-4.5802064,4.5707116,0.676654,1.5257474,-0.5436919,1.2349441,-2.0723631,-1.0959551,-0.9077577,-0.71093947,-0.5965451,1.097782,1.2250925,0.645011,-1.6208429,-0.112888634,-1.2979122,0.6892388,0.091171905,1.2721497,1.612586,1.1213301,-1.6487263,-0.53535724,0.9295557,0.71975476,-0.09361953
-3.1820362,9.594868,-12.687205,-4.328166,4.3522916,0.30310893,3.1604822,-0.059342902,1.9133725,-3.2475426,-1.4490613,-1.5414808,-0.12577519,-0.59402764,0.68943554,1.0485626,-0.478516,-2.0527349,1.0307349,-0.78672934,-0.23750351,-0.048123103,-0.024195032,1.427741,0.8390575,-0.8057412,-0.081446946,0.8135965,0.47146618,-0.049603503
-0.42074257,10.312393,-13.135628,-3.7518437,5.010286,0.74164945,2.3762145,0.6837343,1.3083993,-3.8570855,-0.64245605,-3.3144739,-1.1982313,-0.16448012,0.7930396,1.1987844,-1.4308153,-2.121841,0.39485055,-1.616636,0.48035097,-0.14541416,0.66884345,-1.0418307,0.7151802,-1.3659432,-0.20947784,0.33322006,-1.0713919,0.082494944
-3.322796,9.27825,-12.430451,-4.1013775,4.422256,-0.3443595,3.4868069,-1.3420154,1.7526283,-3.1892738,-2.0426393,-1.0260757,0.77892226,-0.69368887,0.1904719,0.863078,-0.50812215,-2.3253498,0.81468344,-0.7975594,-0.8292852,0.7133735,-0.09970368,1.5396687,1.388399,-0.37310818,-0.32019395,0.9324399,0.62352604,-1.0245199
-2.5039806,9.193535,-10.820708,-4.1893234,4.560064,-0.23699956,2.051059,-0.8275682,1.6999367,-1.9355094,-0.44609174,-0.70853394,0.65411764,-0.8695714,0.67245626,0.3290902,0.11322788,-1.3528552,1.7511549,-0.6161787,-0.95524627,-0.3210154,0.4023619,1.3785095,1.0705051,-0.7400134,0.0223744,0.68138003,-0.1363778,0.0752301
-2.4071677,9.115715,-11.839968,-3.7825596,4.4555583,0.32815346,2.6168976,-0.6956724,1.231511,-2.829152,-1.1732181,-1.9674151,0.5302193,-0.7362042,0.8616984,1.0843114,-0.82977563,-1.8794392,0.8660939,-0.88191754,-0.26414552,0.6064114,0.010908355,0.83109623,1.2604756,-1.1150029,-0.51955116,1.1339105,0.27779505,-0.874374
-3.2686958,7.7660465,-12.145185,-3.6531236,3.7728803,-0.33993334,2.015418,-0.43483883,1.7209405,-2.1065354,-1.2091094,-1.7925268,0.4306474,-0.8048762,0.9880422,1.2731274,-0.04121997,-2.100038,0.97389644,-1.1163847,0.19254078,0.42532623,0.36431518,0.34065127,0.78624797,-0.695698,0.21695255,0.4111823,0.25757563,-0.0062543303
-1.9954425,10.729368,-13.077514,-4.3159056,5.042428,0.16112083,3.5195825,-1.7780504,1.9366992,-2.6082063,-0.52549154,-1.963023,0.20986114,-1.4714643,0.57128024,2.1258593,-0.45612887,-1.4965909,0.304746,-0.96133864,-0.041860677,0.16916613,0.28657967,1.8292685,0.95412314,0.6381485,-0.58831286,0.6591181,-0.10331103,0.90692306
-1.328494,10.516511,-13.338384,-4.305831,5.3825207,0.27857608,3.7950633,-0.8466268,2.2871184,-2.8320222,-0.85009634,-1.8421704,-0.119228244,-1.3926345,0.24636619,1.648338,-0.32190374,-3.380516,1.1690352,-1.9230578,-0.19952914,-0.4199727,1.0069584,1.4630415,2.0977986,-0.5594081,0.1432739,0.76581573,-0.21578644,-0.84570265
-3.27184,9.943605,-10.667925,-4.124441,3.9587307,0.8446469,3.165579,-1.1617846,0.36924392,-2.8187644,-1.087567,-0.2886431,-0.46891516,-0.78279686,0.94505394,0.9847956,-1.0583378,-1.8459754,0.7225222,-0.887078,0.3565612,-1.5630966,0.043655373,0.31221753,1.9887006,-0.47283238,0.26977664,0.06131341,0.13703261,-0.10597694
-2.6479576,7.79504,-10.481796,-3.0562897,3.7604032,-0.29249552,2.0283465,-1.4560988,1.03478,-1.3545557,-1.2320564,0.07477318,1.3170549,-0.1649822,0.28875628,2.155115,0.1527663,-1.7486871,1.8288056,0.09694802,-0.6230536,0.3891996,0.77252924,0.9636617,1.9413702,-0.42317817,0.7578641,-0.32289243,-0.6151523,-0.128157
-0.75402755,10.690349,-14.008674,-3.116528,5.427236,1.1582774,4.484808,-0.31073704,1.510431,-3.6091623,-0.10594963,-0.96124136,-1.1607143,-0.15542738,2.612035,2.6706772,1.6647574,-1.3070832,1.4533119,-1.7600713,0.30747414,-1.0903652,1.7324613,1.0421274,2.2383008,-1.1697438,-2.1399527,0.4230134,0.5308356,-0.25007722
-2.8433387,8.343612,-10.526846,-3.77258,3.9478588,-0.4649008,2.3469317,0.15783761,1.6001459,-1.573768,-0.8045911,-1.0608715,0.63505113,-0.13279802,0.26232782,0.23877786,-0.15643154,-1.7950478,0.85416794,-0.140127,-0.19963779,-0.10859329,0.8032851,1.2698407,0.953691,-0.33831197,-0.115881465,0.12506516,0.24319959,0.027789205
-4.037345,5.690844,-9.6918335,-3.0079381,3.1217175,-0.5909349,0.7919504,-0.40110967,0.66891986,-0.9319897,-0.5543983,-0.63314885,0.79927564,-0.31789935,0.72627777,0.60094863,0.25990292,-0.65038824,1.0916994,-0.7969556,-0.5753238,-0.042507295,1.0353695,1.1543597,1.5362488,0.12452554,0.27752343,0.72042,0.05016372,-0.7594132
-2.8723843,9.964994,-12.481422,-4.4040155,5.341401,-0.094047934,3.2235758,-1.1096563,2.5218694,-3.0715802,-1.1383939,-1.5954986,0.7054986,-1.2841815,0.45058194,0.98982567,0.141882,-3.0373003,1.3979521,-0.5823982,-0.38312703,-0.77043986,1.3700606,2.4360065,1.6518447,-0.8807354,-0.2821872,1.0442228,0.058366567,-0.48018193
-2.6922514,9.011237,-10.980838,-4.231816,4.662336,0.07717747,2.2292614,-0.8418193,1.0951036,-2.180985,-0.5681189,-1.2505425,-0.23410323,-0.9016589,1.1589953,1.0627391,-0.33935118,-2.173386,0.4165362,-1.2232679,0.2580554,0.24566065,0.8467441,0.92764723,0.72315,-0.47397462,0.5961364,0.29942524,0.44022515,0.017451296
-2.066674,9.072949,-11.470682,-3.1562417,3.9364264,0.030563897,2.335659,0.025681125,1.3376058,-2.366594,-1.224031,-0.9594926,0.09854607,-0.09617574,1.5591724,0.8476865,-0.30427146,-1.8901945,1.3026506,-1.1302398,-0.6780701,0.0013750416,0.41990867,0.68755454,1.0006366,-0.7401164,-0.04773649,-0.21509595,-0.6061459,-0.26671445
-1.648421,10.33391,-12.119202,-3.7578576,4.5697527,0.46895623,2.3989046,-1.2279327,2.3339467,-2.463757,-1.6527622,-0.8037862,-0.37495196,-0.39548787,1.0219555,1.3222703,-0.14719146,-2.8677027,0.656285,-0.8117436,-1.0114982,-0.5963974,0.5369377,1.390977,1.201562,0.11972761,0.09277853,0.5703652,0.245317,0.36167473
-1.9519027,9.568332,-13.376454,-4.2019887,4.7467947,0.50629437,3.6002336,0.38449812,1.6222829,-2.5381377,-0.38315776,-1.5717434,0.14585572,-0.43986732,1.1846389,0.5140446,0.03504049,-1.7061719,1.6568357,-0.94647056,0.28031072,0.3586621,1.1266145,1.965305,2.0726388,-0.7221566,-0.07288827,1.4913565,-0.035632953,-0.6634667
-2.9633217,9.158657,-12.011743,-4.3814826,4.9590716,0.16379806,2.5199623,-1.3074393,1.7821184,-2.7903333,-0.58042395,-1.5737033,0.65606976,-0.97947,0.21774141,1.6404972,-0.18975449,-2.4281557,1.3979502,-0.68126947,-0.23955874,-0.20268354,-0.011851964,1.7326351,1.4619178,-0.36775348,-0.1471708,0.35248923,0.8024472,-0.3522174
-2.6568253,8.401139,-10.752364,-2.6920202,4.6755157,-1.0773668,2.5145993,0.1088096,1.3214442,-2.099475,-0.3237346,-0.53235084,-0.5130994,-0.5520924,0.22954851,1.2466707,1.1522574,-1.3223355,0.7925836,-0.4862247,1.007149,-0.40055904,0.9556616,1.5895572,1.9304781,-1.0762962,0.7655809,-0.33243078,-0.6451433,0.5894495
-2.8406577,10.369778,-14.389155,-3.5110943,5.43551,0.2061847,3.543571,-0.81250876,2.538309,-3.1586032,-1.6990416,-1.7628922,-0.8791316,-0.30571735,1.2564758,0.6972905,-1.2704917,-2.0459726,0.7786881,-1.4248577,0.27105406,0.30314198,0.41792268,0.46032625,1.2296222,0.5186053,-0.7567814,0.33360228,-0.30154,0.18921445
-1.5747806,10.907238,-11.810713,-3.114143,4.6801057,0.24299629,2.5982587,0.027422557,0.6070594,-3.0251493,-1.2275527,-1.4071753,0.1529135,-0.8786021,0.8242128,1.8895636,-0.24495783,-2.5908103,1.2713368,-1.7836859,-0.46216598,-0.4510557,0.98789936,0.5185366,2.510526,1.1219019,0.33520386,0.22045873,-0.4656711,-0.34523803
-3.4855852,5.6323757,-8.578951,-2.7831686,2.730359,0.113842554,0.7840452,-0.09544861,0.7995814,-1.0580162,-0.49028587,-1.8555586,0.5052624,0.018321747,0.12946503,-0.308501,-0.6753076,-0.7206522,-0.44205493,-1.6484323,0.5977173,-0.58346933,-0.98987913,0.73065925,0.3840731,-1.2394842,-0.68043226,-0.3085937,0.4022497,-0.016008494
-1.3651627,13.6499815,-15.873269,-6.1596127,6.725022,1.083487,4.6903715,-1.1748539,3.0391166,-4.8828855,-2.3780923,-2.7988694,-0.5033503,-2.3498225,2.7446432,2.5602872,-0.3400378,-2.7178957,1.1417016,-2.6057339,-0.87381506,-1.4102237,1.3423489,1.8148544,2.5034175,-0.2915944,-0.078119256,1.5184976,0.5985083,0.117310196
-3.3216152,7.589871,-10.225439,-3.658304,3.692892,-0.3577053,2.1614363,-0.37736374,1.1607343,-1.474262,-1.652842,-0.6698672,-0.080354705,-0.620865,-0.011578223,-0.07040457,0.052317794,-0.72187597,0.90092266,-1.4185371,-0.16244467,-0.13440299,0.5687178,2.485155,1.5127676,-0.94162256,-1.2482475,1.342597,0.78185797,-0.72510993
-0.03150731,9.058309,-10.959058,-3.646216,3.8067539,0.92170554,3.4342391,0.19740184,0.47738782,-2.2358057,-0.6605663,-0.5435257,-1.4553775,0.4512503,1.261953,1.7296891,-0.4994787,-2.7253351,-0.36722025,-0.3476731,-0.63130015,-0.7988396,0.60061496,-0.44958258,2.3571024,0.025028266,0.35160238,0.94834983,-0.32920834,-0.17333269
-2.8639002,10.726129,-13.542829,-4.133904,5.562095,-0.6416497,2.9527938,-1.7689097,2.761996,-3.370641,-1.9007859,-1.7399507,0.5927177,-1.1197666,1.6940458,2.1571393,-0.5349205,-2.850834,2.0053105,-0.42407548,-0.93646646,-0.020974493,-0.16736425,2.0053158,1.9473144,-0.25056607,0.5985927,1.7232443,0.75399816,0.76775676
-3.8772616,5.527676,-8.532188,-2.9633255,2.8025107,-0.27379832,1.2491076,1.0282011,1.315353,-0.81889147,-0.6664525,0.2684241,1.7963614,0.17129365,-0.09637704,-0.13970295,-0.09389711,-0.26738122,1.3731757,0.8790886,0.44330803,-0.8891555,-0.9240275,0.5454783,0.3996838,-0.34972134,-0.36678585,-0.069065936,-0.39880532,0.077988245
-2.5507371,9.102957,-11.534543,-3.3302693,4.231833,0.028497767,2.1217182,-0.1488101,2.124733,-2.0331335,-0.5202656,-1.7423515,0.25106275,-0.37596437,0.5369277,0.07296733,-0.2449336,-2.5116277,2.0666986,-1.2201884,-0.01758643,0.42450485,1.7983383,0.387087,-1.335406,-0.17629099,-0.7579797,0.42779747,-0.35718957,0.07958882
-2.7738318,11.586847,-14.617791,-4.6604037,5.582432,0.18108611,4.6541405,0.09402661,2.8029194,-3.797609,-2.0697966,-1.4334865,0.24232894,-0.9536354,1.3767589,2.0333414,0.041904796,-3.621267,0.5936009,-0.8599168,-0.3645363,-1.4790063,1.7932621,2.2331095,1.5270646,-0.81905144,-0.041689962,1.5523139,0.21512109,-0.4568507
-4.452878,6.492651,-8.66613,-3.0394738,2.652134,-0.5478725,1.4501417,-1.345504,0.7114342,-1.4133242,-0.3214921,-0.8261524,0.2987613,-0.85171133,0.73616034,0.15656248,-0.3464054,-0.9088728,1.0143408,-0.2569798,0.15605053,-0.2301097,-0.19891532,1.3978729,0.49123353,0.32228976,0.40342835,0.25479087,0.01505991,-0.18509789
-2.4843688,8.632995,-11.914079,-4.2132783,4.165655,0.8457222,2.809055,-0.21866228,1.4835744,-2.0031166,-0.2575614,-1.1757518,-0.6821424,-0.39616948,0.88974804,1.1218927,0.077612154,-2.3248823,1.370047,-0.2541364,0.48084232,-0.3601379,1.1097897,0.52065706,1.0572826,-0.33326116,0.12047643,0.59183913,0.0364809,-0.31946382
-2.37861,11.852751,-14.144604,-5.089698,6.252759,-0.5046858,4.1731877,-0.5382111,3.06091,-3.7787986,-1.2907236,-2.2107058,0.8235909,-1.3748065,1.5688301,1.2440846,-0.4288939,-3.0612762,1.1452864,-1.1119608,-0.46511242,0.514471,0.14891663,1.2800274,2.0946991,-0.5599918,-0.88012,0.30703777,-0.011979005,0.014331174
-1.7662321,8.090915,-9.785746,-2.510695,3.0972836,0.07685814,1.939059,-0.07339589,1.1598467,-1.8836851,0.50093114,-0.52981645,0.46605664,0.049661364,0.7254008,1.1979628,-0.38037533,-1.711563,0.32679227,-0.86559695,1.0450063,1.329446,-0.40424785,0.28095603,-0.82490534,-0.44853488,-0.6971329,0.65577674,0.22290242,0.74791765
-5.2926383,-4.6687264,1.0160515,-1.2018383,-2.26059,1.1079713,-2.3242314,2.0215456,-3.4468355,-0.7009285,1.4397277,-0.55472404,-2.5952857,2.1552331,2.6163487,5.2075834,-0.006429414,-3.4716365,1.039949,-1.7927843,0.30725834,0.52248293,1.1775974,-0.8464053,-1.5412318,0.5027361,-0.11686232,-1.2578721,-0.15210211,-0.18829004
-6.5974846,-5.40917,1.1106696,-1.1989447,-3.317677,0.64039767,-3.5089314,3.1181154,-4.4275627,-1.7745345,1.1178397,-1.6853784,-4.0072427,2.6819873,2.934511,6.1966705,-0.33094105,-4.1135488,0.7865273,-3.2690337,0.84521306,0.6739326,0.48169634,-1.0884076,-2.3205154,1.2412952,-0.7839568,-0.3387696,-0.5825945,-0.4465292
-6.0071216,-4.6461167,0.7273284,-0.95649886,-3.2055037,0.9273315,-2.9696808,2.374044,-3.8025713,-1.3123838,0.6415658,-0.980499,-3.333551,2.0662084,2.6693518,4.5004973,-0.40458828,-3.4784243,0.59311545,-2.4499252,0.71691555,0.4336239,0.14354464,-0.5764651,-2.065698,0.27784705,-0.50520366,0.0046914765,-0.27354485,0.11260945
-6.1431484,-4.799641,0.51093084,-1.7400867,-2.3458953,0.43737313,-3.3217921,2.7378292,-3.4628668,-0.51963127,0.78238505,-0.39007252,-3.3578897,2.4734576,2.53589,5.1933193,-0.9064828,-3.4874141,0.613834,-1.8647871,0.80173945,0.084344104,0.40141544,-0.4937473,-1.6941756,1.6534191,-0.5337742,-0.31059587,-0.27401116,-0.045444153
-6.0494766,-5.333084,0.9402835,-1.1304878,-3.1024706,0.42619213,-3.12779,2.4731116,-3.9021704,-1.2565957,1.1762387,-1.3543001,-3.155132,2.1747143,2.5483668,4.9671803,0.13698633,-4.201356,0.5835907,-3.061855,0.5559105,0.29568475,1.2751883,-0.8987086,-1.8705631,1.6924846,-0.18678801,-0.059262652,-0.56633365,0.08965577
-5.3711925,-5.909185,1.8142852,-0.6187806,-3.3314474,0.036267024,-2.5883133,2.8224928,-3.5490673,-1.7722155,0.49157953,-1.3226414,-3.5536425,2.9314237,2.8048732,5.943398,-0.10979442,-5.1242976,1.4920405,-2.698909,0.4108489,-0.24859115,-0.0026880163,-0.31017074,-2.296076,1.1844652,-0.7106024,-0.037539646,0.17397435,0.29630154
-6.1100564,-5.1121917,1.2613727,-1.503218,-3.090104,1.121537,-3.4392586,2.3021607,-3.650172,-0.18192114,0.775781,-1.3032718,-4.3053675,2.6295722,3.0813577,5.1591773,0.24092732,-3.8407645,0.76523834,-2.3460188,1.2413183,-0.15232332,0.44777533,-0.51701605,-1.8870685,0.77442575,-0.9431215,-0.21980813,-0.28730744,0.08514887
-5.9158764,-4.7347608,0.8985359,-1.4257337,-2.376137,0.8784773,-3.0119765,2.8666263,-3.4786706,-2.4750323,0.7286604,-1.3415407,-4.0799394,2.4158301,3.527009,6.0724154,-0.38545087,-4.145146,0.7661523,-2.23602,1.2816681,1.0195876,0.64947754,-0.047503676,-2.172239,1.0229595,-0.28715795,-1.0884885,-0.5279929,-0.4471105
-4.900561,-2.9015756,0.9700557,-0.769774,-1.7372699,0.35089198,-2.1924667,2.9660616,-3.2025466,-1.2723778,1.7200528,-1.1193781,-3.3979309,1.872347,2.0886667,4.050259,0.6898661,-3.2987819,0.69046915,-1.4959632,0.56093836,0.42975307,0.65989226,-0.4352578,0.0505435,0.25915283,-0.50107616,-0.81395704,-0.5664979,1.0631406
-5.6017127,-4.5588646,1.363635,-0.8071898,-3.2241583,0.53224784,-2.8196566,3.146282,-4.1382766,-1.8524462,1.6693335,-1.442464,-3.7987256,2.9146538,2.9510536,5.628017,-0.29002267,-3.8532937,0.956957,-2.4170964,0.18146768,0.4050157,0.64020175,-1.0125579,-1.6766994,0.5191499,-0.6543277,-0.15947011,-0.5369197,-0.28424633
-6.0471473,-4.7230926,1.0534854,-1.0668004,-2.2371664,0.94377625,-3.7933395,2.9876196,-4.152087,-0.93165505,0.8475515,-0.6992761,-3.1623712,2.5690515,2.5770662,4.682818,-0.22911091,-3.5472536,0.8557649,-2.7358902,0.8393658,-0.051275697,0.0036868749,-1.0783814,-2.2364461,0.7176848,-0.19378898,-0.21875332,-0.8974812,-0.04444193
-6.362433,-4.873604,1.1821464,-1.1324625,-3.0386984,0.80412716,-2.7149649,2.2455344,-4.403655,-1.1167862,0.75268686,-0.877308,-2.747453,2.091861,2.3099258,4.8194456,-0.43622202,-3.3803158,1.1431913,-1.9578865,0.731669,0.37659383,0.33481532,-0.46364677,-1.6613606,1.0547624,-0.33369306,-0.57997155,-0.5716916,0.14437096
-5.2014384,-5.035496,1.2637371,-0.7669587,-2.7406113,-0.084427185,-2.2500226,1.9608437,-3.520584,-1.5880902,1.0559914,-0.6504743,-2.969647,1.8176502,2.499783,5.4957027,-0.13893224,-3.7414129,1.220206,-2.2240222,-0.026361778,0.8767935,0.2766227,-1.0753527,-1.3776549,0.21054976,-1.0732546,-0.052812133,-0.9490875,0.70052385
-5.4875774,-4.9750247,1.601656,-0.020050943,-2.8642035,0.21769881,-3.3119044,2.5508752,-4.8986487,-0.97208005,1.2757021,-1.440543,-4.318561,2.5039978,3.7198584,6.3055744,-0.4010043,-4.380505,1.074535,-2.443484,0.86682785,0.5781786,0.4588454,-0.29928023,-2.1176262,0.90220684,-0.40783617,-0.060817204,-0.8301584,0.07986898
-5.9270964,-4.546549,1.2252753,-1.1055447,-2.3464124,0.78974646,-2.3554127,2.4505613,-3.3571029,-0.9433383,1.3459584,-1.2394315,-3.207886,2.3338459,1.8782568,4.1031265,-0.37296286,-3.232768,0.6769296,-2.1852033,1.134575,0.10786733,0.07507994,-0.9239608,-1.4645034,0.35172644,-0.38100848,0.021804225,-0.29509407,-0.3838624
-6.0691843,-5.537668,1.2524391,-1.2819064,-2.9062757,0.70144594,-2.8815525,2.4059246,-5.113136,-1.0273855,0.86908066,-1.5343127,-4.029673,3.0183754,3.0469463,5.7144475,-0.50821424,-5.0281897,1.7148458,-3.1893678,1.7497486,0.21865703,0.4054625,-1.1637372,-2.3903728,1.0746949,-0.46348345,0.17701714,-0.6052181,-0.60243666
-5.421534,-4.7135596,1.39904,-1.1643883,-2.7703142,0.49540278,-2.3309398,2.4022412,-4.6983757,-0.843508,1.111422,-0.824577,-3.192535,2.2079616,2.6813738,5.284919,-0.4929421,-3.2604408,0.603624,-2.6191432,0.50227517,0.38730848,-0.0008427675,-0.6036403,-2.2549367,0.103761986,-0.26450774,-0.43865523,-0.41525003,-0.12147372
-5.992317,-5.04523,0.5948518,-1.1321921,-2.9904804,1.0899626,-3.2966678,3.192758,-3.9630215,-1.3140173,0.6058416,-1.1655318,-3.5215425,1.9627398,2.836789,4.70538,-0.4829264,-3.3055067,0.452557,-3.04898,0.615185,0.5734911,-0.087860554,-0.4012038,-2.3140278,0.7510768,0.22939678,-0.0939432,-0.60291666,-0.40450382
-5.9331207,-5.332589,1.0390654,-1.2527584,-2.9717376,0.87109965,-2.7075784,2.0186014,-3.9686484,-0.7457322,0.87369823,-0.57177913,-2.729795,1.8555571,2.761457,4.606588,-0.406304,-3.7359977,0.78206253,-1.9182876,0.55584973,0.459181,0.32142267,-0.7298423,-1.7792786,1.002212,-0.9378719,-0.3197115,-0.67469585,-0.31092393
-5.627238,-5.6628003,0.650882,-1.8452417,-3.1031291,1.0004742,-2.6654513,2.1500733,-3.9558723,-1.0332415,0.23276949,-0.7140888,-3.875813,2.5845182,2.8698647,5.313606,-0.2818846,-4.506057,0.63213193,-2.9931927,0.50807434,0.44801602,-0.3312248,-1.506545,-1.969277,0.72799605,-0.29184306,0.06119377,-0.8964406,-0.30792892
-5.9670815,-4.921402,0.7032448,-1.4477794,-2.6582088,0.194476,-2.8538597,2.3130414,-3.9369433,-0.36487484,1.1653566,-0.77414757,-3.542791,2.1864283,2.5622609,4.381357,-0.50725335,-3.4075046,0.7071834,-2.4867954,1.1070551,-0.30856246,0.21226844,-0.3759834,-1.6752871,0.8507904,0.08901026,-0.86054343,-0.22488742,-0.036867745
-5.9960837,-4.993589,1.1419802,-1.1671962,-2.5438614,0.57269055,-2.7694569,2.0519521,-3.9025302,-0.5710552,1.2091844,-1.4758639,-3.8271933,2.581487,2.2587378,5.179984,-0.12414875,-3.3040912,0.6869223,-2.6950436,0.71388096,0.2526379,0.58064705,-0.73209834,-1.7915509,0.3257647,-0.21435918,-0.014728462,-0.9446294,-0.19983163
-5.825897,-5.4183745,1.0864586,-1.2038311,-2.8985674,0.6784216,-2.2993882,2.1079254,-3.5634665,-1.3686925,0.7321778,-0.64950264,-3.1991808,1.4868947,2.3858228,4.2360706,0.022335928,-3.168583,0.7067794,-1.9055098,0.536852,-0.55306584,0.7717429,-0.59967315,-1.9531499,0.53420717,-0.5475622,0.3555161,-0.4275939,0.11817304
-6.189469,-5.342123,1.0949328,-1.635009,-2.8998182,0.68598664,-2.7438388,2.151037,-4.3911605,-0.46828106,1.4131752,-1.3347468,-3.125163,1.8474044,2.8668242,4.9959817,-0.17162503,-4.3097534,0.95824283,-2.5005224,0.7093995,0.20130254,0.69997,-0.6643618,-1.9553623,1.2212274,-0.36182955,0.40270084,-0.53450257,-0.13874978
-5.9708357,-5.21518,0.779505,-1.1096334,-3.1080742,0.49496484,-2.3879046,2.1860425,-3.4727988,-1.3352908,0.8144876,-0.5539675,-2.7381506,2.3548806,2.7172065,4.8057795,-0.06598888,-3.4933577,0.84416646,-1.578965,0.98563695,0.22741883,0.23012878,-0.33406875,-2.1567485,0.49355748,-0.22907476,-0.59506136,-0.6708177,-0.143204
-6.147439,-5.4999986,1.1175109,-0.5569346,-2.9812667,0.6751022,-3.393781,2.3120296,-4.861602,-1.4932547,0.77581537,-1.2147928,-2.9595497,2.7009141,2.9286826,6.446793,-0.5411551,-4.490389,1.0407021,-2.4286828,0.5980409,1.0271698,0.53309953,-0.3456907,-2.3515809,1.5151143,-0.49543503,-0.15724538,-0.44959015,-0.37118605
-5.6385126,-5.062957,0.642792,-1.5595039,-2.8224032,1.0510525,-2.765833,2.5803277,-4.1738515,-1.1063703,0.84340286,-0.795175,-3.8724227,1.9286579,2.711167,5.8924813,-0.72673726,-3.9783444,1.5034469,-2.2394207,0.7943188,0.24715066,0.020334965,-0.9797612,-2.077658,0.59899753,-0.5273708,-0.10094061,-0.99117523,-0.9815943
-5.592926,-4.764036,0.673198,-0.6894045,-2.344595,0.697456,-3.1299016,2.7699037,-2.9301558,-0.57102793,0.8572883,-0.9651646,-2.7994094,1.6433934,2.720152,4.8837085,-0.55452466,-3.5787442,1.0654062,-2.4041913,0.09286359,0.048902918,0.18041101,-0.437354,-2.073807,1.2591426,-0.37219843,-0.37084323,-0.33548146,-0.16993906
-5.901248,-5.1262164,0.55074376,-1.1876788,-3.209086,0.09119634,-2.681215,2.7881978,-4.1626945,-0.9923792,1.3100227,-1.2210133,-3.7804878,2.3434908,2.919761,5.6079626,0.09839793,-3.8494892,0.9597851,-2.0456045,2.4894264,0.53264785,0.3761328,-0.27119142,-2.0382357,0.16570719,-0.36399853,0.0119371265,-0.8932192,0.21605943
-6.151995,-5.461763,0.80613744,-1.4437382,-2.5776362,1.1684012,-2.838224,2.6589918,-3.9500918,-1.2177998,1.2106439,-0.6236378,-3.7685955,1.7323494,2.646039,5.166665,-0.07982764,-3.193743,1.0451986,-2.7432256,1.0810435,0.59245884,0.337581,-0.9622769,-1.663834,1.0933391,-0.7389688,0.19096123,-0.85174495,-0.047237154
-6.056158,-5.6017456,0.97468513,-1.2141777,-2.8389716,1.0989974,-2.9933546,2.5659997,-4.2811384,-1.0956048,0.6894195,-1.2076955,-3.842523,2.734258,2.7309513,5.6718316,-0.25480732,-4.4678144,0.7302784,-2.3886395,1.3532419,0.26424646,0.5966239,-0.77393985,-2.320626,0.6274916,-0.8797325,-0.7152315,-0.4839022,-0.19815338
-6.46233,-7.363044,-0.8957955,-2.259183,-2.8944435,-0.97268337,0.30013338,-1.6785921,1.8345896,-0.7374024,-1.1159574,0.43562087,1.1399608,-1.1662245,-2.37462,-1.7658491,0.3745427,1.3200848,0.53013235,0.29884097,-0.6543842,0.5436728,-1.0277562,0.52952564,1.1035806,-0.23683323,0.07149689,-0.0050333194,0.1479917,0.2783281
-5.483985,-8.545896,-0.3509181,-1.1556246,-4.018199,-0.8765488,3.1485467,-2.7844772,3.2223072,-2.4734173,-2.9328716,-1.2506127,1.1948007,-2.347695,-1.0355052,-2.8201456,0.09523799,1.2819891,-0.45223984,0.44174024,-0.044319257,-1.425731,0.45054355,-0.2378126,-0.5916233,-0.3666312,-0.3806072,1.263643,0.08930786,1.5398989
-6.020165,-7.9331284,-0.87443805,-1.8859276,-2.9254951,-1.1360043,3.3537593,-2.3559127,2.7684944,-2.2981381,-2.6189113,0.19560765,0.8689396,-2.542751,-1.7462921,-2.06343,0.25265247,1.2450366,0.07150839,0.8420706,-0.026985448,-0.34282717,-1.213132,0.102212206,0.5227328,-1.2143759,-0.07220622,0.1471468,0.8219632,0.2346384
-4.849092,-11.071006,1.553665,-1.8497516,-5.978329,-1.2541907,6.5658274,-3.9980552,3.3636506,-4.586847,-5.615316,-0.6845722,1.9628397,-1.7504643,-0.009483123,1.1597315,1.736274,2.9303815,-1.6455709,1.1624554,-1.1037847,0.32308275,1.0730808,6.024397,0.3713487,-3.4431877,-1.0807521,-1.802381,-2.700169,2.3657713
-5.2961965,-8.904311,0.3386173,-0.8740758,-4.396843,-0.6381847,2.2919424,-2.1522563,3.8985858,-3.3453007,-3.079308,-0.60132694,1.2512128,-2.0543973,-1.1684728,-0.37338,-0.42869765,1.0418323,-1.041544,0.71528536,0.25895992,-1.282698,-0.67889297,0.4595567,0.44436532,0.5859811,0.59123075,-0.654302,-0.5895916,0.69210327
-6.7727776,-8.197767,-0.18287943,-0.7086504,-3.8443315,-1.5583417,1.2847027,-2.2571027,1.67883,-2.0666938,-1.7918386,0.37992904,0.6399065,-3.2099633,-2.108295,-1.8580903,-0.9474159,2.2757154,0.1051083,1.3248973,0.13769852,-0.06921441,0.94853747,1.2589431,1.7799366,-0.50410956,-1.2810181,0.19429876,1.3404686,0.5969684
-4.4125514,-11.327202,1.5368905,-3.5594373,-6.4397116,-0.4657183,7.7312975,-2.6843128,8.165229,-6.614978,-2.9958553,-1.804162,1.7427311,-4.838046,-0.13576253,-3.4110458,-3.0158842,1.8442763,-2.18178,1.0175922,-1.3595623,0.17487009,3.9422956,0.8920182,2.401052,1.3886786,-0.923278,-0.82411563,0.1285038,1.9628867
-5.7645884,-8.621962,-0.29323062,-1.5959594,-3.710732,-1.0092702,1.8656754,-1.8232034,1.6796728,-2.5869129,-2.2872405,-0.45664424,0.988134,-1.2274845,-0.70893806,-1.0014569,0.035974015,0.63919437,-0.40406623,0.16439235,-0.29677606,-0.55640674,0.54390275,-0.11369191,1.1960058,0.5064511,0.11548185,-0.10840489,-0.31984872,0.26636904
-5.67203,-8.0708685,0.49459478,-2.014306,-3.8641577,-0.9744362,2.9433594,-1.3616154,3.5060003,-3.1070466,-2.1731853,-1.3399152,1.2697272,-1.9190453,-0.42360672,-2.0418696,0.29102397,1.7502462,-0.69179344,0.19830984,1.3249818,-1.0775094,-0.34364456,0.6424074,0.640669,0.08934553,0.2609624,0.32531023,0.6148972,0.29650855
-6.886805,-7.509298,-0.6944449,-1.948503,-3.944914,-1.015631,1.3357983,-1.9546388,2.9951904,-1.1404703,-1.0940552,0.13508882,1.65437,0.25284365,-3.1494503,-2.155213,-0.12427042,1.840568,0.18136169,0.6905768,-0.73435247,0.4765784,-1.8385807,0.17930135,1.2803811,0.06997569,-0.46724966,-0.6883774,0.5659365,-0.39385664
-5.435089,-10.992379,0.73244816,-1.8003517,-5.853245,-0.55748695,5.5884757,-5.385226,5.340734,-5.557187,-5.1835155,-1.8348483,0.5517086,-4.7206497,-0.82424146,-2.277243,-0.85657626,3.3048162,-1.0520933,2.7637691,0.6602644,-1.63536,2.8196363,-0.2100929,1.7325808,0.41421464,0.9833517,1.7240256,-0.67957354,-0.05566893
-4.7132273,-10.398764,0.3843383,-1.4646795,-5.91729,-0.76302636,5.4409275,-3.665487,2.8020291,-6.041396,-4.2092185,-1.7928295,3.677973,-5.6671314,-2.0390222,-1.9171929,-1.5775576,2.3385322,-3.335207,-1.2470424,-0.24271475,0.502377,-0.41863722,-2.2372525,-0.40086612,0.6312855,0.13601375,-0.935587,0.7905651,-0.17026128
-4.354289,-9.725147,0.7145196,-1.5129956,-4.381623,-1.1396194,4.422131,-4.00078,3.6734936,-3.8055208,-3.7022922,-1.4374815,0.5811491,-3.9548392,-2.0007572,-0.7360163,-0.3605183,1.7739173,-0.7904775,1.02411,1.7079204,-1.001505,1.0126132,0.42924777,0.7714488,0.93025684,0.4800509,0.0544796,0.23071665,-1.7348921
-6.5338945,-8.690809,-0.11138669,-2.0001256,-2.782218,-1.2938168,2.5467684,-1.6805742,2.4234407,-2.228255,-2.118774,0.31946775,0.6542473,-1.5851765,-0.7186924,-1.9772068,0.5078312,1.1481954,0.2518379,1.0901641,0.3327187,-0.29121718,0.0030384343,0.37606642,0.70124114,0.02850214,-0.10721478,-0.06243561,-0.17644021,0.09062875
-4.8417044,-11.446058,1.9084883,-1.74504,-6.767464,-1.8670195,6.7953143,-3.7375076,6.2568398,-7.44675,-4.3860884,-1.1335359,3.3561163,-4.838939,-1.326748,-1.0688299,-0.34909824,2.20757,-1.2457409,1.7839198,-0.41179025,0.32276437,1.4770534,-0.58622205,-2.1622884,-0.7390515,0.05974899,-0.69373894,-2.1558776,1.0475456
-6.445796,-7.2266383,0.29431605,-1.3041075,-2.9814482,-2.2345855,0.5433671,-0.5079605,1.6791703,-0.7761358,-0.036957096,-0.711179,0.10963723,-1.6769035,-2.1726794,-2.092869,-0.3527648,-0.10317199,0.95936114,1.156252,-0.28058082,-0.41637266,0.09411532,0.72815543,0.8316536,-0.2444091,-0.4514309,0.586111,-0.26631805,-0.04156155
-5.321474,-9.408228,0.36032835,-0.45122278,-4.2846947,-2.117176,2.898682,-2.1914353,3.062845,-3.7703815,-2.2845218,-1.4757435,0.49612346,-3.3577707,-0.79419863,-1.7647219,-0.4811642,0.85541165,-0.2667645,1.0790522,0.709752,-0.51945674,1.7956378,0.18484743,0.60881364,-1.5799029,0.39929667,0.06454664,-0.22928232,-0.42845273
-5.8414207,-7.652524,0.14523432,-1.1391503,-3.5195622,-0.56307375,1.2370416,-1.808106,3.1230607,-2.9115355,-1.3268964,0.007013553,1.1702178,-2.1334321,-0.34726536,-2.9920323,0.05157199,1.0356865,-0.022460345,0.5332635,-0.08084523,-0.7828127,1.727127,0.058096893,0.8830511,0.47945833,0.101430595,0.40585718,0.01238991,0.53525585
-4.61118,-9.639163,0.14728047,1.3801845,-4.9520817,-1.9645749,3.7687469,-2.8360834,3.350387,-4.568477,-2.0483353,-1.1747948,-0.36042702,-3.2834816,-2.2906265,-0.86858076,1.4978513,1.968926,-0.7810844,-0.49462435,0.27368793,-1.0324308,2.4961152,1.598176,-1.2575642,-0.47214624,-1.3204335,0.6049067,-0.21951623,0.9069021
-6.344421,-7.9648805,-0.4303496,-1.2514458,-3.0805066,-2.3439486,0.60601884,-1.4918717,2.27911,-1.8407996,-1.7939107,0.8121272,0.8669091,-2.007993,-1.1051962,-2.0973282,1.1664419,1.0630548,-0.45079833,1.5115626,0.37539554,-1.4828663,0.5920301,-0.6052558,1.2445877,-0.4196563,1.1573035,-0.8759085,0.18784761,0.7346598
-4.6646633,-9.041228,0.30520222,-1.2054187,-4.917324,-2.483464,4.5993195,-1.8894447,4.5352135,-4.098458,-2.7067664,-1.9241483,-0.14815898,-3.5754192,0.39873958,-1.4216595,-0.1396587,1.2516582,-0.53080773,0.27408373,0.15996493,0.95355856,0.69558376,-0.55238795,0.4341977,0.16032594,-0.21052304,1.0945102,-0.6298797,0.99667996
-5.0821,-9.62472,0.6567517,-0.83416754,-3.3286536,-1.1838907,4.7891717,-2.305457,3.530762,-3.0087864,-1.3237711,-2.9911294,1.3969529,-2.3444872,-1.0037827,-1.988927,-0.27656776,1.3212837,0.08973826,3.277265,-0.006114002,0.17598887,-0.33485305,0.30295146,-0.42835698,-0.26610965,1.0594916,-1.6298248,0.17422028,-0.41896155
-5.7044244,-9.051703,-0.08938319,-1.5273354,-3.9461553,-0.89868,2.1326675,-1.5608587,3.4286847,-2.42697,-2.0093417,-0.97624964,0.63876545,-3.0707304,-1.9695486,-1.9252272,-0.20849247,1.5954818,0.11229427,2.0444846,-0.7544047,-1.3886074,0.6961335,-0.75456274,1.0885901,0.3055855,0.99863,-0.35941207,0.28712758,-0.69707483
-4.3926797,-8.224891,0.70263964,-1.5209819,-5.038255,-0.6806178,3.4830823,-3.7795115,4.342984,-4.6743217,-2.6381397,0.6722759,0.6605365,-1.8622844,-0.57224077,-1.0824893,-0.15522811,1.8097504,-0.31537393,-1.2408644,-0.18791254,-0.54881966,0.53277206,-0.39233866,2.0615053,0.6691929,0.58648217,0.29411405,-0.18535578,-0.48765454
-5.0836134,-10.431019,0.89557165,-2.1141953,-4.55643,-1.9711938,5.8089623,-3.1717467,3.689499,-1.7908725,-3.4780157,0.17945619,-0.54390395,-2.085797,-1.522392,-1.4847848,-1.6696502,1.0130467,-1.3425583,1.3525654,-0.64048237,-1.6042899,0.60131896,-0.6068067,0.8467594,-1.6305076,1.044349,-1.3495075,-1.1468322,0.53451866
-6.215145,-8.295787,-0.51493824,-2.2328463,-3.3051956,-0.7761868,2.3309112,-2.1103714,2.6406996,-1.7775726,-1.8741345,-0.41931385,0.34163034,-2.193445,-1.3411679,-1.7075732,0.15293446,1.0461149,-0.3207699,1.6121252,-0.09583997,-0.92778814,0.98051554,0.043365736,0.06455567,-0.9134195,0.8227847,0.1714011,0.7946234,0.8255627
-5.9137063,-9.396868,0.07145618,-1.120534,-5.034861,-0.48742723,2.924867,-2.18082,2.833678,-3.2319996,-2.4159646,-1.2511508,0.74140024,-2.499312,-1.2913913,-1.1842047,0.16200678,1.083727,-0.12963729,0.42939398,0.518113,0.33085555,-0.41621426,0.6868444,0.21361649,-0.81714815,1.002128,0.14991373,-0.73867637,-0.32547453
-6.8265657,-8.141186,-0.3152646,-1.7242512,-3.4294984,-1.369334,1.6956137,-2.8251343,2.6125212,-1.6627628,-1.430399,-0.82129556,1.2376221,-1.6610186,-1.2851856,-1.4144107,0.6757992,1.1837292,-0.11494047,0.4174639,0.34949452,-0.60608345,0.30901074,0.28987968,2.3633835,-0.20797038,-0.07392767,0.1376147,-0.17382716,0.3368651
-5.93394,-9.383675,0.17331244,-1.2366377,-5.2189827,-1.5504483,2.7387986,-2.2354238,3.1783192,-2.3873045,-2.3943493,-1.004131,1.6570926,-2.9251049,-0.047750987,-1.4297303,0.47668332,1.5861307,0.29723996,0.10767785,-0.48627567,-0.13726713,1.0699778,0.6435865,0.36915842,0.31156167,-0.17850314,0.6968573,-0.54523337,-0.05265991
-6.3481426,-8.154555,-0.12829517,-1.5967582,-4.4559636,-0.82150865,2.4640427,-2.5020068,3.652096,-1.7345636,-2.0618,-0.75790375,2.0818236,-2.429188,-1.0149513,-2.1777587,-0.17744745,0.25842866,-0.1995214,0.81591034,0.4813278,-0.54611135,-0.53189206,0.38110685,0.18066376,0.7108278,-0.5771001,0.9761522,0.473502,-0.25756037
-6.0799413,-9.36595,0.10009037,-2.0968404,-5.8043027,-1.6675335,3.9639366,-1.583415,4.868915,-4.7055645,-2.5800357,-2.0299582,1.5894833,-3.9610639,-1.5645308,-2.9825654,0.24365495,2.6935809,-1.6152077,0.31933832,0.0223457,-1.1026034,0.82420707,1.2547185,1.654044,-0.81349313,-0.49730524,-0.60922176,-1.6307511,-0.07226689
-6.9461403,-8.437656,-0.50501645,-1.8502753,-3.5594344,-0.92388415,2.2201788,-2.66786,1.9748666,-3.1457763,-1.3921494,0.35299894,1.2766244,-1.6808585,-1.3343945,-1.9900436,1.3606642,0.4568445,-0.5056963,-0.78319967,-0.9460636,-0.80893457,0.03208182,0.68506175,1.3343955,-0.4503893,0.025413223,0.9781242,-0.8361707,0.0950759
-5.9181495,-9.998189,0.6767718,-2.0038419,-5.0434246,-2.3723857,4.952112,-2.5377553,5.491629,-5.3375535,-3.5074534,-2.0450313,1.7066282,-3.4875658,-2.5534632,-1.3321723,0.15369132,2.3624039,-0.08291726,0.6728143,-0.91158175,-1.920093,-0.07237656,-0.4164795,1.3355207,0.21523152,1.6430618,-0.19532168,-1.1199192,0.29149815
-6.256853,-8.107506,0.31458238,-1.2750152,-3.9260175,-0.61538243,2.4724584,-0.6603967,4.448401,-2.48923,-1.1570319,-0.5789481,0.6474447,-1.076833,-1.9974841,-2.5550313,0.41984466,1.3704928,-1.4380945,0.79827654,0.28231588,-0.1024064,-0.17947826,-1.5239817,0.53490245,-0.16712525,-0.6064653,0.4630836,0.63766783,0.80855864
-5.4301047,-9.209762,0.19528721,-0.9328466,-4.0520816,-1.2284994,3.1875482,-2.7278206,2.8738952,-3.172608,-2.5373063,-0.7726184,2.1025038,-3.1387873,-0.8543803,-0.83131987,-0.4862098,0.85153115,-0.38312253,-0.18953426,-1.2121139,-1.0533628,0.25855836,-0.0032212574,0.642185,0.4652643,0.7649802,-0.58306855,-0.4803538,0.4578995
-5.296866,-9.2942505,1.6765255,-2.9907286,-3.86964,0.19809517,2.7522602,-2.6760278,3.9234939,-5.0154014,-2.7422974,-0.60485524,1.384671,-2.9947772,-1.3027107,-0.029900622,0.06288899,0.80523443,-1.1764628,1.8667054,0.75604194,-0.9414412,1.2849675,1.1461023,0.35440955,-1.4190463,-0.24715745,-0.838277,-0.4258457,0.038947053
-4.6468477,-8.6122675,0.37568882,-2.0127983,-4.0408497,-0.9557495,4.5819235,-1.9463472,4.0087442,-3.7994623,-3.3057165,0.60585696,1.0470853,-2.520167,-0.83523643,-1.1790706,0.3648144,2.6159391,-1.1366873,0.7492873,0.067586586,-0.5097098,1.1816497,-0.42476615,1.0470499,-0.48476312,-0.9631047,0.23549907,-0.40938672,0.9932786
-5.711598,-8.133974,0.012880479,-1.5335648,-3.3729088,-0.9776672,3.5982819,-3.1739876,3.0129552,-1.1401713,-2.9685726,-0.05463108,1.8003119,-3.1465716,-1.8840355,-1.782246,0.013649879,1.6615803,-0.992267,0.66587996,-0.46642554,-0.5527726,-0.15212563,2.0516357,0.25967082,-0.31187442,0.93752456,-0.7348369,0.61918926,0.97541624
-4.421625,-9.577161,0.75452733,-1.1465796,-4.5607057,-1.4335234,5.6254935,-2.8272722,2.6692288,-4.2225904,-1.9297502,1.2450873,0.96725124,-2.9426095,-0.4739433,-0.19607322,0.4248895,0.83620036,-0.635381,0.08161098,1.299996,0.9702073,1.8137718,0.07328521,-0.9982256,-1.3424976,0.24641503,-1.0629256,-0.30840954,1.2049677
-4.512382,-9.594161,0.587381,-2.3858626,-4.2854857,-1.2143677,3.7503269,-4.7635703,3.0500002,-3.4929824,-3.3223155,-0.66963166,1.5921545,-2.5062985,-2.0473084,-0.43299532,1.2176332,0.9412392,-0.80880004,0.71173614,-0.1557343,-1.865653,0.8220519,0.6822123,-0.5328692,-1.2193722,0.2866182,0.4085702,-1.9647572,0.31566972
-5.08622,-8.646309,-0.18878305,-0.727877,-4.112076,-0.34114203,3.8667998,-3.5235083,3.093743,-1.9858263,-2.1650727,-0.43005228,0.4987487,-4.19321,-1.4125234,-1.9154136,-0.47255027,2.2616997,0.65345633,2.2481327,-0.18900362,-0.37089667,3.1182783,-0.13504499,-1.1316855e-05,-1.0553923,0.013245052,-0.5921932,-0.5787204,0.88762516
-6.062752,-7.155024,-0.5127883,-1.7347876,-3.5225203,-0.26609877,1.0854701,-0.2731274,3.3322399,-0.083506994,-1.0882013,-0.9953025,-0.58490574,-1.0287416,-0.5143924,-1.9959227,0.12771142,1.5917237,0.10075925,0.57261014,-1.2308306,-0.3544176,0.7946776,0.48790637,0.18895848,-0.4719507,0.37008175,0.300986,-0.4712931,0.6563355
-5.1891346,-9.259576,1.0843996,-1.7620205,-4.750115,-0.12510806,3.838284,-2.069017,5.5422816,-3.6762073,-3.0151677,-1.536028,0.8538706,-1.1402435,-1.001948,-1.7308419,0.8193732,1.7953691,0.035712216,0.55116284,0.15463273,-0.65930057,-0.12038592,0.93431026,0.8910467,-0.100768045,-0.31761533,-0.2701115,-0.6767915,-0.3748262
-4.5870495,-9.900084,0.6034974,-0.9897931,-5.746863,-2.0647938,5.6355557,-2.4508727,4.805378,-3.3692763,-0.8124871,-2.6120925,1.3660072,-3.2903569,-1.5722289,-1.7533336,-1.0642122,1.1442665,-0.10479182,1.3148583,0.404714,-1.2633696,-0.025495298,0.8313581,0.37749958,0.12979089,-0.05067621,-0.120240584,-0.7989903,-0.09309559
-3.707517,-10.409943,1.4542984,-2.017996,-4.048883,-2.951065,5.324859,-2.8169653,5.226675,-6.7189035,-4.5837326,-2.3165324,0.11962161,-3.576448,-2.1658688,-0.0974144,-2.302908,2.3306668,0.8804262,1.4893839,0.99970126,1.9665834,0.07039158,-2.3980315,0.76717526,-1.2290013,-0.50166255,0.22055948,-1.3584352,-1.6394168
-6.1962595,-6.8880787,0.84584504,-1.399346,-2.4842112,-0.7748089,0.6360911,-1.4675883,0.88550603,-0.7079559,-1.6211734,0.29943135,0.71447337,-1.4061135,-2.2415967,-1.1947827,-0.2604189,1.6383196,0.15925732,1.3064567,-0.0611243,0.14995643,-0.47387227,-0.11579076,2.0325637,-0.14499335,-0.101901375,0.12607881,0.06671617,0.34685948
-5.836345,-7.5068893,0.39113477,-0.893849,-3.364283,-0.909286,0.8796874,-2.0512156,1.6752505,-1.1014333,-0.9024703,0.17498289,1.6022209,-1.5851932,-1.737645,-2.2232046,-0.003553153,1.3638458,-0.34142843,0.72186667,-0.93727475,0.05197647,-1.0818325,0.881709,2.3273253,-0.43388543,0.11214065,0.49286464,0.40141344,0.30228022
-6.033712,-7.5345974,0.3668978,-1.2929114,-2.9311461,-0.9762083,1.0919082,-1.7119304,1.4887772,-1.1942817,-0.83756435,0.83380634,1.2302345,-1.1764894,-1.2773526,-1.3798385,0.24057347,1.9017795,0.72661924,1.41539,-1.1636635,0.122283876,-0.91789967,0.57801944,2.0022445,-0.12675835,0.0643587,-0.13059337,0.6170191,-0.12554637
-6.2854614,-6.9818783,-0.3319912,-0.69134706,-2.2384944,-0.7072492,0.3062509,-1.9807012,2.4037337,-0.31834137,-0.8039691,0.02902619,1.5644963,-1.2910565,-1.7390854,-1.6867025,-0.09397202,1.1937678,0.27637655,0.9433887,-1.2569275,0.1942618,-0.6929882,1.9333261,1.5267441,0.012403508,0.4332425,-0.2505543,0.3394973,0.15306954
-5.8482714,-6.995606,-0.049221896,-0.8650149,-2.802509,-0.36162937,0.62818193,-2.4375339,2.0091872,-0.4596756,-1.0174036,0.6807316,1.5106803,-2.0032792,-1.5502167,-1.9189426,0.43561453,0.9575977,0.23387915,1.5427275,-0.6298473,-1.1216717,-1.8052313,0.6628611,1.0145278,-1.1333264,0.9426774,-1.2448521,1.1745888,-0.36147344
-5.854892,-7.3747516,-0.14467196,-1.3704625,-3.0286133,-0.709958,0.15179646,-1.7266196,1.539864,-0.18468262,-1.1968325,0.41830093,1.0079484,-1.3579525,-0.9958881,-1.429111,0.16011977,1.6967175,0.074010715,0.48803133,-0.10674076,0.22345623,-0.18721274,0.4573747,1.9329998,-0.28667504,0.5401006,0.35073274,1.1993529,0.078735895
-6.3926663,-7.0122538,-1.0462343,-1.2491367,-2.5967767,-1.192669,0.64573574,-2.0240393,1.144692,0.8116133,-1.1487305,0.33092275,1.5052778,-1.3335781,-1.5151612,-1.3655521,0.32742926,1.4092294,0.02136209,1.9548094,-0.67424643,0.236985,-1.1573745,0.61047447,2.4760334,-1.0930704,0.09490416,-0.34225595,0.85952467,0.07502725
-6.4666967,-6.324202,-0.42996532,-0.9671585,-2.3732238,-1.2288505,-0.501875,-1.8585403,1.6016854,-0.2889995,-0.8112759,0.48537433,0.4617685,-0.62656575,-1.5282712,-1.957892,-0.008723474,1.5113649,-0.023295054,0.41463897,-0.9533693,-0.056258176,-1.036558,1.0010121,2.1714985,0.45074773,0.54213744,-0.1223847,0.24760987,0.3515746
-6.0365663,-6.2045145,-0.7166622,-0.9099633,-2.0227792,-0.19833165,-0.0076070186,-1.2384938,1.432669,0.2647911,-1.4602259,0.4639605,0.43737984,-0.5965552,-1.1277373,-1.3977603,-0.26234362,1.3249453,-0.46631968,1.0974255,-0.5569597,-0.700905,-1.5653944,0.7568292,1.6295595,-0.31665006,-0.07803129,0.3204639,0.7983041,-0.029105876
0.9575793,-0.67120975,-0.44972518,0.4979142,-1.7180507,0.55063343,-3.6095312,0.9499957,-1.873775,3.4064403,3.0141969,2.578912,1.0345255,2.3974354,-0.5089168,-1.1588726,0.559549,-0.7456116,1.1147457,2.098477,-4.1312084,-0.3533215,-2.4075031,1.0474828,5.168759,-0.7610076,-1.6407609,-0.40314838,1.9559513,-0.022194216
0.9149325,-1.0536954,-1.2497993,1.2787238,-1.5761657,1.2351999,-2.5952537,0.8514709,-1.9375738,3.2727444,2.4083028,1.7415766,0.8635255,2.6471128,1.033456,-0.7214811,0.039342847,0.13265479,1.2496585,1.9846804,-3.733591,-0.17243662,-1.8821194,0.6574327,4.472333,-0.96784073,-0.59978163,-0.2831616,2.2139323,-0.9589544
-0.80176836,-1.5808833,-1.1822203,1.18981,-2.2448761,0.9153619,-3.2513783,0.7416633,-1.3896359,4.427046,1.6480831,1.61638,1.062862,1.1311704,1.2715093,-0.7112729,0.20458828,-0.09569695,2.271668,1.6245726,-2.8399398,0.8998422,-1.8667222,2.1298296,4.5522823,-2.6762316,-0.6591491,-0.033201568,2.8036113,-0.22247449
-0.5997186,-1.1650834,-0.83918947,0.8136447,-2.1848266,0.33405042,-3.9289033,-0.27731237,-2.3895931,3.663516,1.7011967,1.4663907,0.8874879,1.3979311,0.056951478,-0.8196014,1.6528969,-0.9133426,0.82473135,2.0781138,-3.3151824,-0.5898568,-2.9437244,2.4007845,4.45075,-1.191694,-1.5577035,0.29642218,1.2950989,-0.9052401
0.48691177,-1.3354809,-0.86476123,1.0085168,-2.373915,0.6398395,-3.062434,0.41614375,-3.0902905,4.4018264,1.970445,2.535752,0.9006033,0.98245263,0.87750727,-0.65031457,0.9614989,-0.87934536,0.49471533,1.2963457,-4.2515683,0.1471396,-3.1143644,1.5578083,4.9265885,-0.4743319,-1.4399285,-1.148472,1.589098,-1.1990255
0.28831452,-1.0969676,-0.5855662,1.435862,-2.2255855,0.74420387,-2.9979115,0.4063744,-1.9907273,4.853068,1.6108439,0.8861666,-0.4668918,2.6000571,-0.47814086,-0.22181979,0.6219109,0.0013675432,0.4559359,1.4668858,-3.764189,-0.015688308,-2.9388196,0.4915767,5.995002,-1.1878586,-1.6731182,0.2844848,2.4884424,-0.61664575
-0.99990714,-1.1452196,-0.12774086,0.652334,-2.1774323,-0.21030942,-3.358708,1.3161913,-1.6700704,3.9374733,1.7830523,2.851327,0.62827134,0.9996434,1.0458943,-0.79824376,1.0098273,0.4912257,0.71945053,1.0115333,-3.6213589,-0.4842651,-2.2959383,1.4431775,4.582308,-0.56734574,-0.7867693,0.4302762,1.4716982,0.7322104
-0.7802411,-1.4817809,-1.5519289,2.2202697,-2.2259116,0.1789168,-2.882158,-0.1894075,-0.99885726,3.8674111,2.9970467,3.0214496,1.5660111,1.6792719,-0.327787,-1.5698643,0.275441,-0.23485512,-0.51102775,2.197466,-3.0537937,0.0799701,-1.5774729,1.7805167,4.432426,-0.7451882,-1.1646761,0.38446173,1.8964335,0.39988878
-1.300169,-2.1433172,-1.0857004,-0.09987934,-2.087182,1.3048887,-3.0964136,-0.0853412,-1.7218907,3.2708514,1.93939,2.0912278,1.4085001,1.4371011,-0.17988828,-0.8570914,0.057348173,0.4555609,1.3543326,1.870985,-2.8980746,0.92623514,-3.1479008,0.57863975,4.5234513,-0.9839949,-0.9771405,-0.0749724,2.4698036,-0.76816815
0.5354154,-0.36139423,-1.384437,1.6454133,-1.8250854,1.2778575,-3.8397985,0.95991385,-2.2254574,3.6960304,2.857499,1.5046338,0.07086099,2.2730713,0.27993587,-0.7944435,0.30182946,-0.5504732,1.5494574,0.89788145,-2.7727163,-0.7606485,-2.8932803,0.6619703,3.695524,-1.8763212,-0.78057164,0.76713264,1.8791096,-1.1119277
-0.17956999,-1.183883,-0.16291982,0.8514577,-2.582269,0.6153607,-3.5033345,0.92515284,-1.7930582,3.3800507,3.1529644,1.6006837,1.009764,1.9267718,1.3064554,-0.79728514,0.96821177,-0.046662334,1.3742214,1.5952452,-3.7770784,-0.43371946,-2.7258604,2.0094419,4.452239,-1.2712336,-0.96426225,0.82394826,1.2327893,-0.28664362
-0.77025694,-0.9394434,-0.48459762,1.0467577,-2.5030713,0.9393833,-1.9923825,1.6715195,-2.5281446,4.0434346,1.2880642,1.1437432,0.65629137,1.7293072,-0.29814088,-0.50544703,1.614158,-0.97935116,1.292661,1.8296586,-2.6990647,0.21522936,-1.9351586,1.1359534,4.1072717,-0.8224537,-1.02467,0.90110016,1.1116486,-0.81491035
-1.4370022,-1.9852273,-0.7308238,1.5371791,-2.2823734,-0.0114247985,-3.259097,0.5286294,-1.9432422,3.0057194,1.3816174,1.1243361,1.093198,2.3717432,0.29812324,-0.73844343,1.2200413,-0.5525086,0.61224926,1.8360062,-2.6663387,0.31827402,-2.465161,0.5711239,3.9425282,-0.81325775,-0.58807796,0.34377098,2.4686913,-1.4094981
0.056528285,-2.1913862,-0.8108394,0.5936201,-1.9266297,1.0603571,-3.6810925,1.1508279,-1.7778413,3.1238878,1.501021,1.3006066,0.8651044,1.9822989,0.827249,-0.98046404,0.89365864,0.057703935,1.4858222,2.734989,-2.9105551,-0.26857632,-2.7484505,1.8793669,3.9458907,-1.3656714,-1.8559153,0.3532557,2.1699836,0.02063598
1.4365252,-1.180908,-1.3147932,1.3921977,-2.2507124,1.1062533,-3.2666605,-0.7496481,-1.7689594,3.095002,2.7360547,2.175075,0.22633322,1.6642302,1.4794674,-0.7279794,0.578705,-0.9151596,1.7983744,2.04384,-3.9245827,0.32333747,-2.6504931,0.9074828,4.6072717,-1.0984237,-0.15132853,0.1728816,1.1556885,-1.6551343
0.8998236,-0.69886535,-0.8025304,0.7057039,-1.6637833,1.5448819,-2.8564258,1.0409834,-3.0523634,4.052704,1.5596893,0.6442924,-0.2102063,2.2642493,0.6371177,-0.92394125,1.3644813,-1.0599961,1.4338322,2.231887,-3.0693624,0.121073976,-3.7087328,1.1960174,6.009098,-1.2334603,-1.3957782,-0.24488956,2.3152876,0.4689021
-0.27420443,-1.9144665,-1.0453323,0.88365006,-2.3698783,-0.025264641,-2.7422624,0.76912564,-1.3193699,5.397457,2.1492026,1.1128019,1.3462695,1.5125091,1.3115208,-1.6075975,1.714105,-1.6234828,0.7937605,1.9976693,-3.4048746,-0.18560046,-4.1831946,1.9415393,4.722686,-0.2542743,-1.1078714,0.13696401,1.1643126,-0.6601685
1.880498,-0.48573884,-1.4996251,1.8107027,-1.7823217,0.7388153,-3.3371992,0.3069385,-2.077632,4.314788,2.336534,2.549561,0.07510623,2.687003,1.2442194,-0.972585,1.072883,-0.65183514,0.85951644,2.012905,-3.7323153,-0.5260291,-3.4910207,1.6101923,5.085322,-1.4240297,-1.3695511,-0.8470596,2.0439434,-0.25011158
-0.56686306,-1.9256848,-0.49969417,1.1534033,-2.7173738,0.7521734,-2.423159,-0.15645504,-1.2123207,4.979449,1.2999684,2.0096738,1.0145862,0.5666815,1.2997539,-1.0397362,0.59390026,-0.7878299,0.8260696,0.72488254,-3.4294684,0.6655556,-2.5686269,0.87212443,4.5448756,-0.17707948,-0.952558,-0.10896826,1.64419,-0.45534644
1.1566161,-1.4652292,-0.60822046,0.74491745,-2.1465647,1.2955433,-4.051065,0.2936113,-1.4447553,3.7915783,2.24528,2.215016,0.87818635,2.087706,-0.24811701,-0.63683873,1.07596,-0.9695135,0.793364,1.8200828,-3.1813736,-0.5225743,-1.9056995,1.9570217,5.349022,-0.25923833,-1.3912421,-0.08266671,1.4162273,-0.16256528
-0.15997227,-0.7786456,-1.2736819,1.0526818,-1.7140075,0.97958946,-4.611543,0.6399959,-1.563684,3.5948083,3.441306,2.7575321,0.9171098,2.1127334,0.5006497,-0.7295551,0.12809291,-0.36645272,0.6647555,1.2742031,-3.3950267,0.7595567,-2.071414,1.4915167,4.5886493,-1.3633103,0.17071135,0.11507858,1.5348842,-0.12578468
0.2571458,-1.3578489,-0.8558953,1.4164797,-2.0834498,1.176093,-3.4285111,0.3116714,-2.5062768,3.8092182,2.3695333,1.5791304,0.51274,1.1292547,0.38630477,-0.48840302,1.2484609,-0.72361094,1.2521001,1.8714119,-4.111065,-0.47005996,-2.3998888,2.0648165,4.317144,-0.5060993,-0.7762984,-0.3447042,1.6233492,-1.1334784
-0.24905404,-1.4027712,-0.37780747,0.92140067,-2.3708358,1.9908139,-3.2656817,0.5996915,-2.2949278,3.1187332,1.961293,2.2485902,0.87424266,1.5107061,2.1919389,-1.4957834,1.2852792,-1.0164176,1.9187006,1.5658262,-3.8782003,0.35276413,-2.6197293,2.6712317,5.64738,-1.3100593,-0.66307545,-0.19191682,1.0436063,-0.8513554
-0.36377534,-0.3859652,-1.7197156,1.5335948,-1.9176373,0.59682447,-3.4096482,0.747476,-1.5355557,4.150847,2.2761807,1.4983351,0.7590844,2.2012625,0.19422959,-1.171888,1.3426847,-0.14156903,1.4462948,2.4030497,-3.3836787,-0.115624346,-2.7484105,1.4671597,4.587804,-1.3764096,-1.4516145,-0.16368163,1.4403371,-0.6025312
-5.5491977,5.159604,-1.3834444,-2.6340559,0.36702943,-1.2850999,-3.1555557,0.29654202,-2.060773,3.8509808,2.4732313,2.0540411,2.3125157,0.25332442,-2.3761804,-3.2215536,0.77121526,6.023891,-2.4402416,1.0993431,1.8579881,-0.2590788,1.0947756,-3.0710015,-4.4151206,1.2143372,0.69283205,-1.2493018,-1.8117117,-0.04171713
-5.022564,3.9055305,-1.0164474,-2.8587644,0.18132947,-1.3010598,-3.6676795,0.4968589,-2.2733703,3.581738,2.505963,2.5294936,1.3628141,0.71078235,-1.9758447,-3.4061782,0.53308326,4.8271484,-1.9625386,1.0365862,1.6571416,-0.76497066,1.0351351,-1.9239967,-3.9673169,0.99904317,1.7391763,-1.9197354,-1.0173976,-0.21825235
-4.7964406,4.614424,-1.944503,-2.6744032,0.5217815,0.26626346,-3.5622613,0.06793325,-3.086663,3.2195618,2.1600764,3.6399674,1.2013307,0.038535994,-1.7827829,-2.0489597,0.11573679,6.484383,-2.3641613,1.189019,1.4096166,0.091305144,0.6260572,-1.870139,-4.6937003,0.8939927,1.3355733,-1.2330594,-0.612722,-1.0886198
-5.176964,3.9630594,-1.5392103,-2.0796957,-0.49149653,-0.2589481,-2.8914807,-0.02957784,-2.4266918,3.1762733,2.2378309,2.5389755,1.2808837,1.5448272,-2.5492594,-3.5651577,0.90701306,5.379752,-2.7287216,0.6568347,2.1078455,0.3540331,0.18361568,-2.4710104,-4.6955543,0.6771418,1.7191083,-1.6632376,-0.300719,-0.86253667
-5.041271,4.7841606,-1.2101198,-2.5297549,0.19424257,-0.05399359,-3.3045046,0.007512729,-2.4245546,3.4016702,2.0049398,1.8540441,0.94577503,-0.34559184,-2.5427928,-3.2690516,0.33968845,4.6132603,-2.091069,0.87336755,2.0026066,-1.0697565,0.40707988,-1.934542,-4.4395723,1.2980217,2.07941,-0.42958444,-1.4079086,-0.4485229
-4.743829,4.648919,-1.5761583,-2.3314779,-0.44794026,-1.2392588,-4.3371,-0.073236704,-2.6881423,3.8854022,2.5019553,1.5943592,1.050168,1.7115115,-2.623443,-3.159154,1.7252623,6.3398075,-2.3735347,0.057981964,2.5973125,0.28009957,1.3452009,-2.3982322,-4.304029,1.3447819,0.8815276,-0.086107485,-1.4605772,-0.10173156
-5.481312,5.7109513,-0.3253341,-2.9298606,0.79417354,-0.2406458,-3.840292,0.65825444,-2.4607728,4.169199,2.4109929,2.1674047,1.4748266,0.9815892,-2.7864053,-3.3939633,0.5945174,7.3930902,-1.4538202,1.1454173,2.8390288,0.7175827,0.3264638,-2.6763432,-5.544368,1.4779729,1.2341409,-0.5818575,-1.4297388,-0.06944106
-5.8542438,5.2968397,-1.7883301,-2.804337,0.1614541,-0.7411643,-2.2216144,-0.8749755,-2.4796076,2.826223,1.886313,2.0849354,1.9609214,0.0013900088,-2.2574027,-2.3625252,-0.47769743,5.727415,-2.237903,0.75570273,1.2305288,-0.37780145,0.34157982,-1.426257,-4.6186433,0.845626,0.75215816,-1.6794167,-1.8536266,-0.67593706
-6.4310474,3.5269544,-1.6060009,-2.5400712,-0.44778833,-0.24577796,-3.730926,0.8572344,-2.7547204,3.4279404,2.3831596,1.5224332,1.3851368,0.42586374,-2.583705,-2.377241,0.57326734,5.135646,-1.296226,1.0208828,2.1742756,0.6361978,0.8643609,-2.4953349,-4.0606036,1.1678588,1.2865328,-0.87019145,-0.9751995,0.44190183
-5.5961947,5.16154,-1.8179122,-2.6897302,0.1493536,-1.5112934,-3.1344526,0.38459286,-1.6605847,4.0671177,2.2956746,1.9083158,1.9059287,0.8892041,-2.4567702,-3.441291,0.38248158,5.0433807,-2.3352644,1.0533592,2.3281279,-0.42522508,0.79175556,-2.3469145,-4.9251857,1.2746799,1.1307068,-0.22770286,-1.9579755,0.6869956
-5.0106025,4.6913257,-1.2201142,-3.1526184,0.055480964,-1.1020639,-2.9380178,0.20581266,-3.0277867,2.6623807,2.5652757,1.8883833,0.51717263,0.7869731,-1.645446,-3.0808957,0.80523306,4.7202554,-2.6047845,1.201987,1.9799781,-0.497139,0.92113334,-3.3810737,-4.2651553,1.2950779,0.72132975,-1.1262984,-0.6575477,0.2484492
-5.351262,2.9897394,-1.9779848,-2.4337974,-0.41671434,-0.5916809,-3.541028,0.5870288,-1.9425063,2.7287343,1.7453594,2.3224134,1.5691327,0.97420436,-1.656996,-3.3210084,1.2982886,4.2181964,-0.51928145,1.4721537,2.1808603,-0.32932332,-0.058464296,-2.1332905,-3.9889896,0.39473882,1.044707,-0.20752382,-0.7724254,0.68820935
-4.4182816,4.838487,-1.4670938,-1.875202,0.2418742,-1.1033581,-2.9491591,0.37664306,-2.2929375,3.5587802,2.7448747,1.5434563,1.1793847,0.257363,-2.0837379,-2.7539215,0.060143035,5.263236,-2.4874563,0.8206273,1.5592511,0.3435487,0.9553155,-2.0502818,-4.027481,0.7714748,0.557127,-1.2378727,-2.1559794,-0.047869977
-5.086656,3.2634306,-0.9214684,-2.598756,-0.86504394,-0.8919548,-3.6568093,-0.020474788,-1.3641738,4.1447124,1.4897825,2.1805012,1.1804904,0.58891004,-1.1770283,-1.7436445,0.1181714,5.4109087,-2.6758375,1.3349903,1.7231566,-0.18835092,0.68193966,-1.9951781,-3.4855487,0.9995016,0.8606294,-0.60209733,-1.2397059,0.12814365
-5.2132955,4.490967,-1.6202159,-1.9863303,-0.18901497,-0.1873108,-3.9664621,0.3539775,-2.6837347,2.7263303,2.181002,2.3356762,0.79352725,1.6715409,-2.4528072,-3.2098196,0.9384186,5.4120703,-3.0200787,0.40436968,1.9186965,-0.43241337,-0.20686476,-1.2693784,-4.8604107,0.14114895,0.3989606,-0.6196222,-1.3031417,0.66444
-5.9801893,3.6843345,-1.1732813,-2.9508083,-0.8541188,0.023446074,-3.2351952,0.47516736,-2.1838677,3.2821023,1.7908478,3.3314152,1.6714121,0.6633454,-2.8300645,-2.7976625,-0.9565272,5.6479435,-2.3724165,1.2111526,2.2052703,1.1547401,1.14741,-2.4828105,-4.8789487,1.9243542,0.061445154,-1.0085609,-0.92355824,0.25033462
-5.0380726,4.7703404,-1.5020869,-2.1755705,0.606188,-0.90214604,-3.9493606,-0.56796986,-1.5020556,3.1487036,1.6562668,2.6136832,2.040817,0.44580856,-1.4953163,-3.1365292,0.7695802,5.8953147,-2.7899456,1.2463795,2.3088768,-0.41590947,-0.19596687,-2.9065855,-5.0848556,1.6406509,1.4150795,-1.2538269,-1.0831857,-0.08423653
-5.8535547,4.5910416,-1.2759207,-2.3339996,-0.19772041,-0.51850164,-3.5689468,0.51794624,-3.328961,3.2968717,1.955706,2.4484513,1.3591148,1.1841416,-1.9848956,-3.1471074,0.43462008,5.886395,-0.9256051,1.0253075,1.121165,0.12760887,1.1075583,-2.3587916,-4.6645246,1.4130706,1.4786069,-0.412431,-1.3221436,0.20807742
-5.281193,4.8453298,-0.6168165,-2.6345983,-0.24204129,-0.7695567,-3.1825163,-0.18826063,-1.9010831,3.5260227,1.7499806,2.3722012,1.2753605,0.78864676,-1.7921076,-3.0847206,0.56923187,5.4885488,-2.4299889,1.5342935,2.3485286,-0.48230854,0.69906586,-1.828627,-4.1835437,1.2553012,0.31824508,-1.1658065,-1.6397655,-0.018833188
-5.96912,3.8265944,-1.9435456,-2.788216,-0.07182691,-0.52920616,-3.1662087,0.5036593,-2.0467775,3.3494396,1.8369431,1.9341457,0.4833362,0.0018656957,-2.7668025,-1.9705672,-0.5194884,4.91098,-2.3261635,0.85867625,1.2841696,-0.3739821,0.70932066,-2.1549947,-3.813846,0.9403948,0.9504941,-0.989706,-0.15677474,-0.52852863
-6.2110777,2.3015912,-1.0893147,-3.145455,-0.505514,0.08204099,-2.8035023,0.7524653,-2.3444037,2.4204683,1.5796461,2.0711432,0.92485017,0.3510439,-2.122528,-2.9553056,-0.011854928,4.5249343,-1.4396241,1.4910574,2.258328,0.36829048,0.5633818,-2.1060436,-4.126407,1.6599672,0.5675826,-2.1464415,-0.3116423,-0.34743232
-5.8216467,3.0198658,-1.0650933,-3.2049384,-0.5181847,-1.1067698,-3.376599,-0.12161269,-1.3548865,3.1159358,2.913586,2.3975258,1.9064738,0.7330965,-2.1519423,-2.512658,0.55697626,5.105633,-1.8892263,0.6168872,2.310009,-0.92292047,0.65850717,-2.7611332,-3.6443841,1.3722843,1.8749698,-0.09829791,-1.9543778,0.29704407
-5.2801485,4.546204,-1.2508672,-2.6735194,0.12405828,-1.1830784,-3.0113447,0.19256242,-2.4048724,3.9249992,2.3904095,2.4373934,1.7666229,0.75807476,-2.9736772,-2.8563294,0.14564611,6.525375,-2.1240587,1.1629831,1.3246253,-0.703716,0.2703685,-2.3997126,-5.3790174,1.0957526,1.7522849,-1.2098938,-2.7532969,-0.15485042
-5.177239,4.4983516,-2.583637,-2.7876983,0.34110767,-0.91462016,-4.240014,0.45580178,-2.8264513,4.213348,1.6168722,1.6307535,1.7103969,1.9072597,-2.310372,-3.7888403,-0.3405418,5.920473,-2.1751988,1.1875364,1.4397889,-0.08869834,0.58518034,-3.002874,-4.96885,1.7702205,1.4132835,-1.615305,-1.5025555,0.76518524
-6.0721803,4.1697917,-1.655156,-2.6446733,1.3292772,-0.69465864,-3.1738186,0.03566738,-1.9463813,4.0667048,1.1382723,2.224855,1.6253749,0.07584055,-1.8917758,-3.3303256,-0.22026937,5.323427,-1.8495431,1.1783593,1.8559657,0.19919655,-0.35351712,-2.2184947,-4.063254,1.6217198,-0.10859315,-0.642814,-0.8808655,-0.12881027
-5.214799,6.0880737,-1.3238595,-2.6371403,0.52692556,-0.94380325,-3.5719812,-0.2320008,-1.9264725,4.2658167,1.9772927,2.2922072,2.0071611,0.59678787,-2.6265886,-3.1284516,0.08504865,7.4327064,-2.860648,0.9346131,2.4013019,0.3002565,0.22817701,-3.4557436,-6.5310273,1.5513543,0.8553444,-0.5380565,-1.5108947,-0.11538768
-5.902932,5.1038966,-1.5927924,-2.9609518,0.118725486,-1.2902322,-3.2002273,-0.063355945,-2.2245746,3.2375958,1.9586432,1.8858602,1.9154949,0.9127589,-2.8306527,-2.7699587,0.755352,6.082586,-2.3321764,0.8628542,2.9284818,-0.49395317,0.7146168,-2.1494634,-4.534017,0.6250835,0.937853,-0.39419684,-1.4318862,-0.24044251
-5.0478654,4.881809,-1.5756259,-3.0695584,0.39176166,-0.99601823,-3.2485743,-0.18197143,-1.7931428,3.9932578,2.3424478,2.2033343,0.8025132,0.24791594,-1.3902177,-3.3149703,-0.005389385,4.7736306,-2.6129403,1.2433121,1.8736405,0.19947407,1.002806,-1.9799274,-4.8902597,1.7612958,1.805434,-1.3002783,-1.350103,0.20210423
-6.2866235,3.3092039,-1.9318026,-2.5715666,-0.10892709,-0.9336991,-2.8576195,-0.41860634,-1.6057937,1.6352893,1.5282443,2.0141695,0.44935122,0.7191581,-2.1577206,-2.937469,0.13889748,5.1472597,-2.0887926,0.8768755,1.1671531,-0.73726976,0.2263514,-0.8382987,-4.4154716,0.010886571,0.8532859,0.2678271,-0.82776517,0.7556523
-5.9060664,3.516395,-1.7424814,-2.7757125,-0.41672027,-0.3584528,-2.5926514,0.79430884,-2.2224164,2.8696418,2.049838,1.7057282,1.1366364,0.68362457,-1.7488837,-2.995242,0.5429564,3.4668393,-2.263135,0.598926,1.4833976,-0.06033475,0.73526615,-2.196313,-2.925188,0.90063196,0.7381001,-0.05214005,-1.0291979,-0.92125183
-5.7291183,3.9605856,-1.4440091,-2.9282758,-0.54966897,0.7379433,-3.1664894,-0.33570376,-0.7900683,3.4451408,2.1494753,2.1853228,0.69822526,0.88829595,-2.32172,-2.0919845,0.3129456,4.352015,-1.4299799,1.8367279,1.2701848,-0.46220526,0.37579384,-2.168913,-4.610499,1.4871234,1.3489698,-0.8194463,-0.51952076,-1.0031242
-5.45187,3.9189355,-1.4812298,-3.3845844,0.36005095,-0.1956717,-3.0172565,1.4310054,-2.1784391,3.6309745,1.7117226,2.4644732,1.4188044,0.8556224,-1.7783644,-3.692249,0.8440248,5.5234733,-1.8303308,-0.24242671,2.7778072,-0.25070402,0.9715559,-2.9842935,-4.1878657,0.8828522,0.66112506,-1.5134507,-1.7257831,-0.13377582
-6.0759096,3.9842055,-0.6397282,-3.0553193,-0.15726374,-1.3479965,-3.3043363,0.1573212,-2.090568,4.0828066,1.7672937,2.319569,1.6264561,1.5544432,-2.540746,-3.4250202,0.38710794,4.854817,-2.5628228,1.5848271,0.96348,0.23583995,0.48763672,-2.2576194,-4.5033393,0.4211418,0.6672017,-0.94196975,-0.9725894,0.31307197
-5.77821,3.2056742,-1.769195,-3.1061683,-0.36519697,-1.8505186,-2.5591667,-0.99782944,-2.14033,3.2429721,2.287686,1.9901936,0.8564551,0.6098089,-1.945085,-2.788603,1.3864484,4.7197876,-2.4562159,0.65742046,1.7266611,-1.0303746,0.3970995,-2.5245793,-4.2690325,1.9579186,1.6550021,-0.28209132,-1.1127121,-0.65962595
-5.9651613,3.4928923,-2.0000112,-2.9030719,0.5337837,-0.6889784,-3.3281653,-0.37862942,-2.924764,3.1292396,1.5211539,0.8921507,0.3076602,0.48087516,-1.3072963,-2.9496093,0.70279926,3.6638958,-1.6720291,0.7843792,1.1741811,-0.4964168,0.06515026,-1.8020632,-4.0152597,1.6301067,0.24727961,-1.2162313,-0.722899,0.7357319
-5.4154983,4.3164954,0.42894253,-2.537876,-0.78880763,-0.76295954,-3.313037,-0.31326345,-2.2505949,4.04873,1.8455868,1.7096952,1.0837127,-0.13287778,-2.2997448,-3.0529888,-0.41131344,4.3442516,-2.0718267,1.7771746,1.5506737,-0.27069288,0.32364243,-2.1758327,-3.9622617,1.3118223,0.6685404,-1.2537433,-0.62502193,0.25310704
-5.4527655,4.160928,-0.8310006,-2.0712988,-0.93602324,-0.7893136,-4.0421333,0.045100097,-2.142972,3.2606642,2.6752336,1.4927329,1.4744697,0.3882724,-1.6453896,-3.2677987,0.24842529,4.8388453,-1.6593918,0.120330565,1.3831484,-0.18732072,1.3784473,-2.0716112,-3.0336409,1.6644069,0.48402357,-0.54753566,-1.1879963,0.021302316
-4.9053497,4.64001,-0.94093174,-2.8573463,0.23064359,-1.575972,-2.633861,0.1682186,-2.9661958,4.3711076,1.6570451,2.8312407,1.3298728,0.88956493,-1.9319206,-3.2982965,0.3036997,5.2202168,-2.9698389,1.1564894,2.0538986,-0.07980176,0.86952144,-2.1417906,-4.629398,1.1226157,0.2997292,-1.4768622,-0.8946959,-0.22942989
-5.6279125,4.1183944,-0.86649275,-2.749954,-0.43930116,-0.53535455,-3.34894,-0.10157893,-2.4336774,3.253721,2.0288627,2.7996328,1.2548684,0.6179435,-1.0264455,-2.5665443,0.6021614,5.9287906,-1.8294978,0.644425,1.183951,-0.45275882,0.67695326,-2.2028737,-4.4119225,1.424749,1.0802009,-0.74595124,-0.8665821,-1.0010035
-7.0906286,2.8376951,-0.763077,-3.0714955,-0.5893571,-1.1029445,-3.7883468,-0.15103957,-1.5602916,2.989788,1.0624576,1.2281383,1.6211461,1.4655471,-2.3383236,-3.0199742,-0.29164973,5.2533236,-1.600533,1.3687526,1.5259241,-0.9776287,-0.15878615,-0.8491788,-3.7156584,0.70072037,0.91837317,-1.0052836,0.00757915,0.12668021
31.602757,-1.3392017,2.7867508,-8.945121,5.4056544,-9.804731,-11.333184,0.9412148,-0.16406895,-3.4565668,4.406354,-6.0772133,-1.9632978,-8.926473,-1.3969616,3.701645,7.656052,-5.6285915,7.4210987,5.254325,-3.72885,-15.248559,-10.705899,-1.2522438,-8.494593,-7.189275,0.7997423,3.9163415,-17.265644,25.938742
13.424584,-0.66698956,-1.3466996,8.933584,-4.1842318,4.6763077,1.7468418,-2.4713125,-1.4895738,-0.13159733,-0.2837255,-2.8719356,-2.8780105,3.9297194,-0.64600843,-2.4695024,-0.6085225,2.5217867,1.2603524,-3.8815122,5.6689835,-1.4373226,1.876378,-1.9077429,4.9268665,-1.5664766,-1.81325,-0.75831044,4.3845153,2.181889
30.856129,-1.883268,6.5523667,-9.551012,1.0321935,21.624031,-24.344503,-31.929962,44.196587,-19.154387,27.331894,20.39102,-10.232184,32.802612,6.5456767,3.973342,-16.474386,6.610758,3.6316462,2.3334084,-4.1307254,-5.8898277,2.9947934,4.550011,-0.71576715,0.82481885,2.989505,5.161421,-7.4563603,-4.1287513
21.075375,3.5510595,-3.0093634,11.704855,-1.387948,5.884318,1.8078845,1.2735524,1.5246897,-2.258312,-3.9641118,-0.49281135,-1.2516161,-0.2962022,-3.6446075,-0.44664246,3.3515136,-1.2898337,1.625925,-0.6270393,-1.6904242,-0.85917336,-1.2223232,-3.386621,-1.3066052,4.7186804,-1.1767858,-5.853624,-4.043723,-0.86065006
27.6445,-1.1870664,3.2755265,-6.700364,5.233876,-8.34312,-5.563494,-1.0295998,0.2776979,1.5916106,-1.4102166,-5.5406685,-1.9017643,-5.387679,-8.781312,-4.607169,6.947978,-2.750763,0.018666042,-2.569846,-6.7827487,2.3010292,-14.48876,-1.8983262,2.7375405,6.665747,-7.3214455,-10.787133,-1.709987,4.8498073
33.01149,-1.5486169,4.9905753,-10.721139,6.0989017,-5.670202,-13.516497,1.3412102,-3.983061,-9.038957,-8.978577,-7.6888638,-2.504897,-9.482871,9.039386,2.8621988,5.002277,10.169436,-12.488858,-3.5331788,-1.0931659,5.4631677,12.536726,-4.441945,5.149301,2.7438428,6.7537656,4.2485857,1.1106292,-24.74946
32.7805,-2.8516972,3.3055274,-5.923031,3.7832527,-7.6793003,-10.957019,-2.316198,-2.6321454,-4.630045,-10.1507435,-9.099817,5.20323,-10.684093,-4.0226693,1.4625256,5.8381677,-1.1174357,-1.3206831,3.0487368,-1.5794427,-1.5808367,2.2227921,0.80079055,2.9614701,-1.6061591,2.0920167,-0.43207204,-4.428479,-6.136765
29.316078,-1.6483663,3.9450474,-7.812164,3.7679172,-6.958547,-9.764438,-0.3621908,-3.5313642,-3.5535364,-4.82411,-0.64288986,-3.1342552,-6.690861,1.1994886,3.831807,7.0317464,4.574707,-4.8854156,0.59543043,4.0372376,1.6188858,9.48902,4.0019026,6.4785104,-2.1977444,-2.9324915,-1.9688349,1.5260308,-1.9583812
28.431086,-1.1225258,3.3709302,-8.058555,4.461643,-2.1707542,-11.217389,-6.1730933,-0.2689744,-1.7543381,-2.1062424,-1.9734476,-2.5975332,-12.920045,-1.69393,-1.7231653,-3.5781598,-6.747932,6.4096575,-3.915367,-3.040414,4.7277327,-12.482284,1.0007236,-4.319094,-13.956269,-10.82877,-10.748088,-10.422474,4.690107
25.49092,-1.903749,2.0415878,-6.0435967,2.4193966,-10.141569,-6.511146,-2.7801962,-2.4161017,2.6414928,-0.12529092,-1.3175957,-1.7380275,-0.7431693,-4.1787596,0.32003987,7.915913,-5.43311,-4.4654737,1.834255,-4.0644355,0.3915221,-2.2887747,-0.9673396,7.3261237,3.851712,1.2182572,-5.194867,-0.6238185,-2.2168493
28.699186,-1.4281218,2.7860093,-3.932295,2.0549164,1.7797667,-2.800436,-2.642064,-3.3269918,1.9569925,-2.652483,-3.805485,3.1320112,-0.006213828,3.5163116,1.9802612,-1.480121,4.662681,-1.8249424,-1.8282919,-0.5561237,2.532134,3.506191,-5.407864,1.3388742,-1.9759533,3.3395462,-1.4765098,-2.2707074,-5.9494286
34.47488,-1.2859634,3.4395847,-7.543987,4.406981,-1.9713668,-8.610555,-1.851573,1.0053291,-4.1430373,1.0163966,-5.09843,0.5856127,-1.002482,-0.3996509,-0.95459205,6.5484915,-3.6864338,-0.73654956,-1.5572062,-2.0999146,-5.939704,0.94385755,-7.800862,-2.137323,-2.802958,-5.0239663,-14.453055,2.1181278,2.5465539
33.32896,-3.3871026,4.4410596,-7.8626328,4.20336,-5.0325584,-7.614707,0.21152821,2.2657964,-5.3496585,-2.395404,-2.9278553,-0.6297275,-4.4373226,-2.1528957,2.7478132,3.0771525,1.3385503,-0.28903452,0.8731964,0.49751803,0.09044676,1.3437614,-0.91995394,-0.037138805,9.311183,3.6186657,-1.1873512,0.8525211,2.4744687
36.97172,-0.8046359,3.9354057,-8.569995,4.367617,-4.046589,-9.765857,-4.0698404,-1.48407,-4.7180223,-2.5502915,-4.2606606,-0.95435786,-3.1468587,-1.21464,2.4843905,0.47290945,0.0417985,0.00040568144,1.1397876,2.4213471,-1.9139056,4.16808,-0.32767135,0.36899033,-2.408003,-2.1722114,0.27283204,-0.04383071,2.715107
27.980719,2.145883,-0.9928671,4.175299,0.88291174,-3.5684156,-2.806732,-2.3433185,-3.3063953,-1.468735,0.24771957,-0.8338802,-2.2988746,-2.1018677,2.059642,1.7541902,0.7172592,0.26174858,-1.9163065,-4.551976,1.3170469,-1.4944247,-1.6001645,-3.053649,0.45161915,-1.3730899,-3.4238317,-5.9335713,-1.906429,-0.42978612
34.847404,-4.056662,4.7582784,-7.9148617,5.5013633,-8.533981,-10.411719,-2.5023766,-2.4289217,-5.4108086,-3.7449534,-8.146164,-1.7539538,-5.116537,-1.8510244,9.711887,5.2520328,7.9245305,-7.9410853,2.6143541,3.306518,0.5331669,1.1810739,-5.1408486,1.4165494,-2.213493,0.31839362,-9.251584,8.045911,-7.170114
17.822292,-1.8314898,1.4268655,-5.8464556,3.0993373,-12.533545,-5.373679,-4.526765,5.155531,4.3126945,-4.326835,1.0321355,-0.35282865,3.1590362,-3.9463587,0.9314822,-0.3696373,0.31834146,6.092103,-0.09810977,1.3076085,2.2117937,-6.1812987,-6.153127,2.500183,-1.2580059,-0.00094591576,-3.5855722,6.420339,-4.226635
19.65528,-3.0023777,0.8998313,-0.45963323,1.5673987,-11.205367,0.7412939,1.1299002,6.0594573,2.6114333,2.0039337,0.35508728,2.7107868,-1.3792952,-5.525351,-4.911311,-15.080994,-1.1375272,16.277939,-9.977599,1.261434,3.7403312,-3.5397153,-5.3189936,-22.94821,-21.073208,3.8305635,10.533194,28.90713,12.950224
19.321035,-2.3636763,-0.25779924,-1.2241443,0.48929548,-8.223451,-2.8044713,1.4698843,0.4757924,2.7806146,-1.0875684,9.22104,0.5654176,-5.4474545,-4.135521,-4.3032727,-0.3244571,0.9582973,10.074886,-5.8679557,2.8543303,1.4398735,-12.145752,3.0537949,-2.322412,-2.990879,-1.7891766,7.337061,15.608978,1.0034773
2.9772847,4.6334333,-6.091205,7.9156284,1.6203313,-1.2356331,-2.0721815,0.20457122,2.4519384,3.343742,-2.2493522,-0.2521499,1.1766584,0.85820764,-0.25106242,-2.2833593,-0.014830298,-3.5732021,-1.0880879,3.9003003,-2.5416985,3.6845741,2.1333363,-0.15055707,0.93195766,2.4997587,0.972177,-1.058948,1.8836526,-1.7483814
4.5877757,4.315591,-3.6898704,3.7349763,0.54217476,-0.6320172,-0.8054065,-0.88498867,0.7136031,2.8107817,-0.29887217,0.9849318,0.4363988,0.85490465,-0.95168424,-2.3565834,-0.6653836,0.44993427,-1.9386699,-0.07537748,-2.417905,3.0034733,-2.026553,-0.047006376,3.7090127,1.5370834,-0.02749957,-3.7892735,4.31353,1.7347001
23.832808,0.03081685,1.1228865,-4.0421166,2.6958816,-6.353253,-3.2809682,-2.2171926,1.3847344,0.048200402,-1.1011081,-0.8026849,1.6062155,1.450066,-3.121091,-1.6178418,0.48408097,-1.1989386,2.416123,0.9117557,0.98829997,-0.99521434,-4.1479588,-2.811353,-2.7422166,6.1152897,0.64935094,8.540852,-0.38481,4.1665
26.633198,-4.5488896,5.049651,-7.641386,3.1503575,-10.078542,-0.17892115,8.290779,1.074752,1.1963853,-0.6451915,3.0264153,-9.666837,-3.9650788,-3.060972,7.310769,-11.578911,5.530119,2.8691466,-5.967913,18.701124,18.031006,17.099657,12.746106,0.9036381,8.167618,20.962444,5.055692,25.033985,0.48980576
9.605112,3.2776647,-5.502995,11.633354,-1.6659344,0.92294407,-2.648854,-0.6085619,-2.0220726,3.4750154,0.84595966,1.2259988,-0.9488684,-0.809953,-3.48309,-3.8921218,1.3295648,-3.7096195,-1.5067685,3.2118192,-2.6038804,-1.0981958,1.3252995,-0.28605902,1.6741521,1.5056472,0.73446065,-5.3827252,3.085847,0.5615594
3.270991,-2.1783228,-1.35658,5.5799413,-3.176407,3.6790545,-1.4329627,0.061836176,-0.073259704,5.741613,1.0469364,1.9312481,0.81603414,1.5135106,0.6803927,-2.0926347,-0.11059374,-0.105977885,2.3735125,0.7042759,-5.0624647,2.4086833,-4.37674,3.0027883,5.8265395,-1.0680339,0.25640702,-1.8913852,3.134022,0.90020645
4.696014,-0.18103248,-2.7961435,4.743866,-2.4785674,2.378405,-0.11593837,-0.10429979,-3.4505956,5.7567854,2.5930562,2.4039195,1.4236683,0.8755801,-1.1533209,-0.5078491,-1.2505659,-1.4082885,1.5472023,3.628246,-3.2436259,1.1125821,-2.742053,1.8416759,6.904954,-1.8262497,-1.6248324,1.3983275,3.8481476,0.8066058
4.172202,-1.068377,-1.9603305,3.7823088,-2.841227,2.334058,-0.54832685,2.0445783,-0.6751589,5.3843117,2.9305062,3.4455442,1.3691968,1.7220094,-1.8223021,-2.1178946,0.5045752,-0.016235054,2.264844,3.3979182,-2.2366433,2.3738968,-3.1293855,2.7247934,6.620548,-0.75805104,-1.8489168,-1.7587285,3.444351,-1.0259887
3.3586552,-1.2866567,-4.0333605,5.308944,-2.83304,2.6711836,-1.0137888,0.5974879,-2.52571,4.919651,1.1375241,1.4462439,0.78366786,2.8265526,0.23014745,-1.9192661,-1.5592711,-1.3673944,1.7289623,2.2609704,-2.6564822,2.4144151,-5.242134,1.456657,6.559205,-2.3431013,-1.4366084,-2.806461,2.726738,-2.5485406
3.703206,-1.8363423,-1.8719791,2.7778556,-2.3117344,2.4150574,-1.0968876,0.5996706,-2.1139536,5.8238225,0.48831445,1.1023993,0.8292278,0.42767957,-0.28732955,-0.030145103,-1.7064614,-0.5793342,1.0671107,0.49799594,-1.9119012,0.52480906,-4.7251434,0.42146218,5.668389,-1.1038024,-1.6082516,-0.70831525,2.2572913,0.6289623
2.8759038,-0.064515,-2.8702323,5.398662,-2.2722158,1.2760957,-0.33090305,0.89987797,-2.1299994,4.6826396,2.108691,2.478232,0.9447864,0.38320082,-0.5708268,-1.9914724,-0.59159106,-1.4121794,2.3060935,2.6029887,-4.1396065,1.1663793,-2.7093618,2.831507,4.3068624,-2.0739164,-1.1010851,0.29506826,2.984081,0.18672176
4.4036984,-0.03083595,-1.9807642,3.3479857,-1.7922801,3.1060145,-0.31938368,1.2818611,-3.7781231,3.599299,1.0603533,1.7630548,1.4931622,0.1759651,0.5513297,-2.231177,-0.98692757,0.23834983,1.2061816,4.793331,-2.9470778,-0.58427054,-3.0489154,2.6171734,4.932415,-1.6677878,-1.9873717,-0.12443635,2.1373746,-1.3514524
1.9960024,-0.4603394,-2.0706637,2.2832294,-1.5515695,1.1256466,-2.3874736,2.1105404,-2.1715496,4.4068375,1.8828422,0.5229348,2.6034844,1.7230372,-0.33388183,-2.0855815,-0.8912745,-0.24698532,1.8631072,2.7770667,-3.725237,0.41500646,-4.041033,1.983026,5.8381057,-2.6952348,-1.7468156,-0.8792465,3.1762927,0.6241052
4.82164,-0.73625004,-1.8598521,3.7577672,-2.7535765,2.1473165,-0.44896552,-0.5309198,-1.8880986,4.928747,2.3125546,1.467428,0.3639586,1.2202616,-0.6391873,-0.24166943,-1.9309046,-1.2619711,1.2471547,1.7684895,-0.13823344,1.2658582,-4.3972015,-0.2228162,8.442789,-2.5254185,0.98731714,-0.8877844,3.3093054,0.6265093
2.8138788,-1.4862305,-2.1806135,3.7907305,-2.1222525,0.91524947,-0.36255962,-0.0071670124,-1.7999464,3.3490503,0.30572605,2.4473388,0.032214597,1.7120874,-1.4601594,-1.373195,-0.9566376,0.60153776,1.5668609,2.199065,-2.6258698,2.177662,-3.2610195,2.039222,5.8284984,-0.7037944,-2.7798073,-1.4447572,1.9289225,-1.1525915
6.4393005,-1.2561979,-3.0367217,6.4950304,-2.56967,2.0244112,-0.04266986,-0.33680767,-3.664488,7.0843835,1.6548709,0.84012115,-0.13081813,-0.8320452,-1.0130093,0.26538947,-1.4009409,0.055229127,1.8627198,3.9842997,-2.0536306,-0.106282145,-4.39225,4.1524158,7.607137,-1.8755485,-0.65880376,-0.74628234,4.479978,1.6783184
5.1214204,-1.5277855,-0.79757035,2.569866,-2.707999,4.165188,0.633497,0.51929957,-1.9768193,2.9842036,3.9660914,0.82329327,2.5050025,0.4428222,0.69740033,-1.4988712,0.5772145,0.57199144,1.7327515,2.7441587,-2.0683277,0.6599465,-2.5264635,0.36620545,6.0155396,-2.4526894,-2.3058805,-0.6089406,1.9503305,-0.36097363
1.9808346,-2.5214317,-1.887877,2.941338,-2.6539476,0.9418605,-2.8473568,-0.46946535,-1.0573039,3.6316047,0.9182345,2.1925776,1.2490759,1.4910296,0.5600461,-1.6908914,-0.78254503,-0.39863482,0.8759213,1.0220163,-2.0502894,1.7264439,-3.7008336,2.4647405,4.859332,-0.8850581,0.107112065,-1.0237683,3.504069,1.5705922
4.698255,-1.6750075,-1.1920257,5.609309,-3.0917528,3.135469,0.19948149,-1.6086427,-2.302799,5.5941625,1.6828009,2.8519738,1.4530835,2.2690372,1.225452,-3.7867413,1.9471979,-0.32349893,0.3814597,0.6192268,-1.8320111,-0.13122363,-3.8708677,3.0077562,7.4705863,-1.5978619,-0.5999429,-1.9303417,3.0686212,-0.65597725
2.8777883,-1.6411139,-1.5681146,3.8001451,-3.037684,2.9293566,-1.2042333,0.77363896,-2.19335,5.4216604,1.498157,2.2233706,1.6437652,2.7917182,-1.114759,0.45134136,0.039016142,1.556469,1.0650867,2.0417745,-2.5179274,0.5067729,-4.0276084,2.3751178,6.431307,-1.7747908,-0.37015104,-1.46369,2.8467178,0.8004518
28.881044,-3.0069814,8.85434,-8.678618,0.81001925,-9.85434,20.082443,-5.5806108,-22.223753,4.4414115,-19.507723,-21.327105,33.871735,47.08457,-9.34316,3.068622,-23.527597,6.7909493,4.6454887,-13.742783,-10.877589,-12.694535,6.3162985,11.170434,-2.2438688,-2.257831,5.5144253,-7.487466,-7.7181787,1.1410861
17.129795,-0.13698058,4.8646903,-2.0606368,-4.977829,14.1517105,16.071968,0.24808815,8.628876,1.1404358,5.270174,-0.16108912,7.453891,19.963808,-15.509846,-1.7465147,34.078335,-5.329801,-6.6164823,-28.909473,23.311186,-15.327114,-7.3906565,-27.532175,14.854078,10.127762,-4.275367,18.656466,8.633914,-1.2743287
12.632976,3.0488317,-6.7835484,23.201702,-7.8912325,2.921094,-5.8062663,-0.30716804,-1.1067013,1.2970439,1.0882891,2.872643,-3.0342932,2.6782863,-23.905342,-11.014081,-17.555513,-6.902536,14.129553,-6.759322,15.206787,30.82756,29.49164,-2.7387114,12.975605,4.2401094,-19.430283,-6.2144637,-16.528204,-6.629803
16.64672,1.4515711,-2.5400515,14.933729,-4.2646008,-0.8928065,-1.3006389,2.7137315,1.356789,-1.0024099,-4.236881,-1.8971657,1.342921,0.5864502,-6.5212116,-5.274283,2.3971863,1.3529105,-6.866092,7.6525044,-1.5275289,-5.5713015,-1.9555229,3.8498862,6.1042147,-1.3294479,-1.23412,11.478783,-0.77691436,1.4714185
23.569908,-3.800058,4.9901576,-7.234092,1.0959009,-6.2367373,12.638981,2.1548953,1.677581,1.8915869,-3.5507257,13.7718525,-5.0678053,-7.0665317,-6.492396,-16.99762,-9.377627,-7.75088,11.347637,-16.172865,7.005317,9.787466,-14.491032,7.774717,-12.286813,30.390491,-17.774609,5.2048006,-2.4210062,6.075996
18.415007,5.756328,4.5843363,3.8916252,2.7166317,-3.0569062,9.402918,4.7115965,-1.3609216,-3.55268,-3.7415614,0.98307437,-1.2559787,-1.0667237,4.9405293,7.7671514,-4.229537,6.335058,1.7438399,11.933488,-2.123236,-1.311317,-11.0771,7.53372,-9.618053,23.990204,-26.02566,6.3540382,-16.322819,-1.8323175
20.181526,-3.732908,7.9845977,-9.811453,-0.79424006,30.43046,16.49955,-9.841586,2.8265176,5.450093,12.156389,2.7647984,21.624392,-0.12033038,2.4665246,0.6317961,36.992718,-8.988773,-4.7217617,-9.907524,-15.2455635,38.603477,2.8855522,19.772993,-20.08475,-4.47004,10.476341,-8.700712,-4.327475,1.7399777
16.341732,-4.9923134,2.8712456,-5.2742815,-1.5542783,-7.3524046,-4.755625,5.6227765,-7.502907,15.090444,-0.07913582,-2.9472263,2.2179873,-2.1424892,-5.4769983,3.4464161,4.863977,-1.152663,-2.6761687,12.454709,1.6395799,0.8338733,2.2005785,21.886456,4.8455563,2.0421255,12.999861,45.059483,-19.726618,-10.997672
24.52958,1.5671258,7.789057,-8.89916,0.8743406,30.890728,26.461683,-36.05066,-35.123928,2.0042813,16.494596,-26.651756,-30.895939,-6.275015,13.282491,-24.327242,-10.541389,0.53622466,-2.0868266,11.747737,11.933684,-2.525796,-2.6221604,-4.183442,1.1907694,-0.5586928,4.8705683,3.7535489,1.2782005,2.438205
16.254662,-1.4202453,4.6254115,-5.6887746,1.70578,31.488058,16.685076,-5.7034736,3.2282403,27.271723,12.044798,8.742539,9.056271,-28.636822,-30.169338,44.60796,-18.071112,-2.2431633,-6.6979628,4.394578,-3.1257992,-18.343958,9.091768,-2.415976,-4.060006,1.85702,-6.982268,-1.942941,5.4418807,-2.723102
10.697418,-1.5115696,-7.8740025,21.992662,-8.576849,-1.2603987,-14.668184,-4.068464,-2.2194114,-1.9355112,3.757014,-6.311957,4.6928635,-2.0482664,-7.9577503,-21.965763,10.402308,-30.02521,5.091467,7.7951303,-16.066595,-19.532104,33.755573,0.80762666,-19.871572,1.6270392,-4.229162,15.9488945,9.847654,5.5913625
20.956724,-3.0468328,1.9927348,-5.096072,-4.25615,-22.573174,29.83084,44.28335,19.35246,-1.7716932,48.336464,-25.337059,-13.355381,7.0631237,-7.478939,-4.639853,-1.911214,5.117378,-1.7355161,9.437119,-15.679706,3.5613067,3.696128,-7.2704635,0.42399386,-0.35100293,2.5138078,-5.370714,-2.891946,-5.637885
15.224912,5.2134366,-7.002127,27.301474,-6.8360553,-4.5746455,3.5988803,4.2047076,-1.5610584,-7.985517,6.1341295,-2.1150537,-11.631066,7.314626,6.495408,7.621395,8.954015,23.617517,-29.376389,-9.725403,15.620808,-7.1628404,3.140412,36.585667,-6.529068,-12.992504,-26.720917,0.97405326,11.554904,12.424417
11.484765,-1.3394259,-1.1305534,13.202346,-3.4928284,2.2236547,5.3066473,6.019051,6.9073987,5.2290874,2.5045426,1.1429123,0.35696855,-12.175981,5.520415,-5.462568,-14.060113,2.2631893,13.641077,-18.385695,6.9203634,-3.301405,-21.266747,4.031561,-15.314538,-21.492657,8.921362,10.15778,-10.036777,-23.822372
9.972088,3.6712656,-6.8655896,21.86786,-2.9051998,3.5424938,-0.7384028,3.7350383,7.4210815,-5.5761223,-4.644035,-1.2648659,0.68309695,0.6268086,2.7158802,6.8067994,-7.7909465,-3.1051912,-8.62976,6.8046856,-1.2260317,-0.899261,-10.913119,8.474569,-1.6895589,33.48439,31.561832,-5.23691,2.9087753,21.239822
18.132318,5.616836,-12.817634,40.81478,-10.922991,4.348487,0.98306364,2.6014633,-0.07653454,-12.653228,-2.1895816,4.7085385,-2.4396322,-5.647931,-9.1425085,-6.756369,-0.77462953,-10.359778,-17.540274,-10.612489,-0.46305245,-15.245763,-5.1414967,-1.1062862,-12.950731,-5.520396,10.75665,-14.125013,-13.927678,-20.516195
10.489656,4.0784,-2.6664805,17.157444,-4.700706,-1.5811595,0.69414407,4.1727595,0.85688084,0.535533,0.8691969,1.350558,0.62941617,-0.80793923,-6.8752975,11.965245,1.3076658,3.780115,1.1172822,0.2699928,20.038452,14.244247,1.4081072,-12.761583,11.701882,-22.353039,14.347306,6.4918766,-26.967627,32.339348
15.877899,3.4633555,-6.738736,26.372648,-7.478109,0.90574163,-1.4977382,-1.6100558,-1.9507681,1.0461284,-0.672929,0.4277563,-5.5308857,-2.8449686,-4.530758,-3.6105936,-4.991837,-4.384772,-2.0676758,-1.3244005,4.5702815,-3.9467635,-0.44213513,0.48966503,3.7994602,6.2481027,18.94361,-14.548168,5.1100445,4.3192363
27.079866,-1.590439,3.9876614,-9.166524,2.929334,-27.10797,33.788315,-3.4956837,-16.885284,-1.1587851,-7.2545896,57.63316,-20.147375,8.480871,6.8251815,-0.43278387,-1.6646223,-11.608524,-18.016169,2.3820348,-14.9949255,-0.415935,8.85314,-9.773707,0.6851225,-8.934223,4.5637736,1.8217628,-4.164723,1.2974329
14.692265,5.32843,-7.360629,34.04836,-4.8510895,-0.16043133,13.306266,-9.404031,-7.065698,-2.8372684,-6.9794154,3.608859,-10.418335,-1.9787819,12.5121975,18.379246,21.655123,37.690006,41.949146,0.053257804,-18.955639,-2.2284791,11.467374,-12.685517,-5.8525295,7.1018753,0.5360089,3.3700075,0.5210928,-1.5204059
24.057465,-1.6265708,2.5787172,-0.33386394,-3.1319244,-0.028604724,14.708605,10.564643,7.1091957,2.031787,-4.594712,10.577305,18.322628,12.013149,16.666437,2.7139466,11.971216,-14.727438,18.81929,41.527794,41.900074,-8.234374,0.27523512,4.366616,-9.330084,-3.9521089,-1.4669449,-14.607791,2.9674277,-11.667616
8.389933,0.40172938,-3.6701362,15.469698,-3.8493824,-0.5140729,-1.0043796,1.6083109,-1.2052541,-0.4005314,0.6916126,1.525709,3.0981305,-4.768588,8.972411,1.326779,-2.7041717,-0.6131936,-1.0493124,-10.043061,1.3707863,2.5600953,-15.009114,0.75268304,2.1137857,6.907593,9.925412,4.2037196,0.071735516,-15.302388
17.881575,-4.591571,-4.0394244,-8.117356,-2.768518,25.357328,1.1899582,20.529627,33.162663,42.491173,-43.45735,-10.576071,-31.471937,11.1615305,11.5986185,-9.219968,0.04882541,1.485662,-7.39451,-0.73482287,-6.2638407,-0.7536923,6.4693832,-4.113021,-6.8025026,-4.036838,-1.2363394,-2.2388642,-4.1665244,3.5134892
18.51344,-5.2785015,1.0431958,3.224645,-4.654447,-5.8640814,0.78042257,3.0099247,7.9286265,19.397911,17.010317,3.4409645,33.44388,-20.906084,52.370304,-8.590542,-13.22964,0.85469294,-6.570473,-18.92788,2.5610769,-8.408596,17.38613,-8.170988,9.772825,6.8254967,-5.268594,-0.31544015,-5.8857284,9.6715765
14.249829,4.174969,-8.731244,21.47496,-5.5454106,4.131981,0.36036935,-5.039933,1.6285793,-11.141442,-9.501561,-11.514747,17.480846,8.851517,9.419401,11.854114,-14.63491,-3.6798995,-25.325235,21.319529,-8.279605,29.14671,-12.672269,-30.623466,-12.722545,-2.1514251,-13.534822,18.728384,11.571117,-0.5626559
20.58415,1.9113684,10.633288,-13.913838,3.1709626,50.46512,-4.3853116,47.155148,-16.53198,-37.6575,-9.160788,17.336733,10.156548,-6.121858,-1.2902482,-15.13991,-8.718236,12.121313,4.356107,2.2717266,-6.655382,-5.4936957,2.543463,-1.1348414,5.4943542,-3.840563,0.5587381,4.3578606,2.7289088,6.2058315
